<?xml version="1.0" ?><gpx xmlns="http://www.topografix.com/GPX/1/1" creator="GaiaGPS" version="1.1" xmlns:xsi="http://www.w3.org/2001/XMLSchema-instance" xsi:schemaLocation="http://www.topografix.com/GPX/1/1 http://www.topografix.com/GPX/1/1/gpx.xsd"><trk><name>Yushan</name><desc></desc><extensions><line xmlns="http://www.topografix.com/GPX/gpx_style/0/2"><color>E834EC</color></line></extensions><trkseg><trkpt lat="23.475723" lon="120.900065"><ele>2610.4</ele><time>2023-09-10T22:45:11Z</time></trkpt><trkpt lat="23.475706" lon="120.900059"><ele>2611.3</ele><time>2023-09-10T22:45:12Z</time></trkpt><trkpt lat="23.475743" lon="120.900023"><ele>2611.6</ele><time>2023-09-10T22:45:15Z</time></trkpt><trkpt lat="23.475718" lon="120.900051"><ele>2611.8</ele><time>2023-09-10T22:45:16Z</time></trkpt><trkpt lat="23.475763" lon="120.900278"><ele>2608.0</ele><time>2023-09-10T22:45:27Z</time></trkpt><trkpt lat="23.475762" lon="120.90037"><ele>2604.0</ele><time>2023-09-10T22:45:33Z</time></trkpt><trkpt lat="23.475811" lon="120.900458"><ele>2605.0</ele><time>2023-09-10T22:45:48Z</time></trkpt><trkpt lat="23.475832" lon="120.90061"><ele>2604.0</ele><time>2023-09-10T22:45:56Z</time></trkpt><trkpt lat="23.475847" lon="120.900646"><ele>2604.0</ele><time>2023-09-10T22:45:58Z</time></trkpt><trkpt lat="23.475925" lon="120.900742"><ele>2605.2</ele><time>2023-09-10T22:46:05Z</time></trkpt><trkpt lat="23.475979" lon="120.900863"><ele>2604.0</ele><time>2023-09-10T22:46:15Z</time></trkpt><trkpt lat="23.475996" lon="120.900942"><ele>2606.0</ele><time>2023-09-10T22:46:21Z</time></trkpt><trkpt lat="23.475978" lon="120.901203"><ele>2610.0</ele><time>2023-09-10T22:46:43Z</time></trkpt><trkpt lat="23.475957" lon="120.90126"><ele>2614.0</ele><time>2023-09-10T22:46:54Z</time></trkpt><trkpt lat="23.475922" lon="120.90129"><ele>2604.0</ele><time>2023-09-10T22:47:10Z</time></trkpt><trkpt lat="23.475924" lon="120.901324"><ele>2612.0</ele><time>2023-09-10T22:47:18Z</time></trkpt><trkpt lat="23.476011" lon="120.901483"><ele>2613.0</ele><time>2023-09-10T22:47:30Z</time></trkpt><trkpt lat="23.475966" lon="120.901749"><ele>2619.0</ele><time>2023-09-10T22:48:00Z</time></trkpt><trkpt lat="23.475947" lon="120.901786"><ele>2619.0</ele><time>2023-09-10T22:48:03Z</time></trkpt><trkpt lat="23.47584" lon="120.901881"><ele>2617.0</ele><time>2023-09-10T22:48:15Z</time></trkpt><trkpt lat="23.47582" lon="120.901911"><ele>2616.0</ele><time>2023-09-10T22:48:18Z</time></trkpt><trkpt lat="23.475784" lon="120.901935"><ele>2619.0</ele><time>2023-09-10T22:48:21Z</time></trkpt><trkpt lat="23.475791" lon="120.902177"><ele>2618.0</ele><time>2023-09-10T22:48:41Z</time></trkpt><trkpt lat="23.475778" lon="120.902284"><ele>2620.0</ele><time>2023-09-10T22:48:49Z</time></trkpt><trkpt lat="23.475799" lon="120.902437"><ele>2622.0</ele><time>2023-09-10T22:48:59Z</time></trkpt><trkpt lat="23.475813" lon="120.902474"><ele>2620.0</ele><time>2023-09-10T22:49:03Z</time></trkpt><trkpt lat="23.475804" lon="120.902541"><ele>2624.0</ele><time>2023-09-10T22:49:10Z</time></trkpt><trkpt lat="23.475789" lon="120.902569"><ele>2625.0</ele><time>2023-09-10T22:49:13Z</time></trkpt><trkpt lat="23.47571" lon="120.902607"><ele>2628.0</ele><time>2023-09-10T22:49:21Z</time></trkpt><trkpt lat="23.475718" lon="120.902657"><ele>2626.0</ele><time>2023-09-10T22:49:26Z</time></trkpt><trkpt lat="23.475691" lon="120.902721"><ele>2625.0</ele><time>2023-09-10T22:49:34Z</time></trkpt><trkpt lat="23.475675" lon="120.902795"><ele>2628.0</ele><time>2023-09-10T22:49:43Z</time></trkpt><trkpt lat="23.475622" lon="120.902846"><ele>2631.0</ele><time>2023-09-10T22:49:49Z</time></trkpt><trkpt lat="23.475625" lon="120.902911"><ele>2631.0</ele><time>2023-09-10T22:49:55Z</time></trkpt><trkpt lat="23.475541" lon="120.903052"><ele>2637.0</ele><time>2023-09-10T22:50:13Z</time></trkpt><trkpt lat="23.475494" lon="120.903124"><ele>2640.0</ele><time>2023-09-10T22:50:25Z</time></trkpt><trkpt lat="23.475401" lon="120.903187"><ele>2640.0</ele><time>2023-09-10T22:50:37Z</time></trkpt><trkpt lat="23.475391" lon="120.903222"><ele>2640.0</ele><time>2023-09-10T22:50:40Z</time></trkpt><trkpt lat="23.475403" lon="120.903301"><ele>2640.0</ele><time>2023-09-10T22:50:47Z</time></trkpt><trkpt lat="23.475398" lon="120.90334"><ele>2638.0</ele><time>2023-09-10T22:50:50Z</time></trkpt><trkpt lat="23.475376" lon="120.903365"><ele>2639.0</ele><time>2023-09-10T22:50:53Z</time></trkpt><trkpt lat="23.475293" lon="120.903405"><ele>2640.0</ele><time>2023-09-10T22:51:01Z</time></trkpt><trkpt lat="23.475277" lon="120.903439"><ele>2640.9</ele><time>2023-09-10T22:51:04Z</time></trkpt><trkpt lat="23.475235" lon="120.90347"><ele>2640.0</ele><time>2023-09-10T22:51:11Z</time></trkpt><trkpt lat="23.475161" lon="120.9035"><ele>2640.0</ele><time>2023-09-10T22:51:18Z</time></trkpt><trkpt lat="23.475115" lon="120.903594"><ele>2640.0</ele><time>2023-09-10T22:51:26Z</time></trkpt><trkpt lat="23.475068" lon="120.903644"><ele>2640.0</ele><time>2023-09-10T22:51:35Z</time></trkpt><trkpt lat="23.474916" lon="120.903741"><ele>2643.0</ele><time>2023-09-10T22:51:55Z</time></trkpt><trkpt lat="23.474894" lon="120.903781"><ele>2641.0</ele><time>2023-09-10T22:52:01Z</time></trkpt><trkpt lat="23.474816" lon="120.903861"><ele>2640.0</ele><time>2023-09-10T22:52:09Z</time></trkpt><trkpt lat="23.474772" lon="120.903963"><ele>2640.0</ele><time>2023-09-10T22:52:18Z</time></trkpt><trkpt lat="23.474747" lon="120.903991"><ele>2640.0</ele><time>2023-09-10T22:52:21Z</time></trkpt><trkpt lat="23.474634" lon="120.904071"><ele>2644.0</ele><time>2023-09-10T22:52:35Z</time></trkpt><trkpt lat="23.474583" lon="120.904124"><ele>2645.0</ele><time>2023-09-10T22:52:51Z</time></trkpt><trkpt lat="23.47449" lon="120.90417"><ele>2645.5</ele><time>2023-09-10T22:53:05Z</time></trkpt><trkpt lat="23.47439" lon="120.904271"><ele>2644.0</ele><time>2023-09-10T22:53:12Z</time></trkpt><trkpt lat="23.474343" lon="120.904362"><ele>2644.0</ele><time>2023-09-10T22:53:20Z</time></trkpt><trkpt lat="23.474325" lon="120.904427"><ele>2644.0</ele><time>2023-09-10T22:53:26Z</time></trkpt><trkpt lat="23.474271" lon="120.904481"><ele>2646.0</ele><time>2023-09-10T22:53:32Z</time></trkpt><trkpt lat="23.474203" lon="120.904577"><ele>2646.0</ele><time>2023-09-10T22:53:43Z</time></trkpt><trkpt lat="23.474173" lon="120.904676"><ele>2646.0</ele><time>2023-09-10T22:53:53Z</time></trkpt><trkpt lat="23.47413" lon="120.904736"><ele>2648.0</ele><time>2023-09-10T22:53:58Z</time></trkpt><trkpt lat="23.473826" lon="120.905007"><ele>2656.0</ele><time>2023-09-10T22:54:40Z</time></trkpt><trkpt lat="23.473779" lon="120.905"><ele>2656.0</ele><time>2023-09-10T22:54:46Z</time></trkpt><trkpt lat="23.473712" lon="120.90505"><ele>2655.0</ele><time>2023-09-10T22:54:54Z</time></trkpt><trkpt lat="23.473657" lon="120.905172"><ele>2652.0</ele><time>2023-09-10T22:55:08Z</time></trkpt><trkpt lat="23.473595" lon="120.905225"><ele>2652.0</ele><time>2023-09-10T22:55:19Z</time></trkpt><trkpt lat="23.473591" lon="120.905261"><ele>2652.0</ele><time>2023-09-10T22:55:22Z</time></trkpt><trkpt lat="23.473535" lon="120.905294"><ele>2656.0</ele><time>2023-09-10T22:55:30Z</time></trkpt><trkpt lat="23.473498" lon="120.905355"><ele>2655.0</ele><time>2023-09-10T22:55:37Z</time></trkpt><trkpt lat="23.47341" lon="120.905408"><ele>2656.0</ele><time>2023-09-10T22:55:49Z</time></trkpt><trkpt lat="23.473367" lon="120.905533"><ele>2658.0</ele><time>2023-09-10T22:56:03Z</time></trkpt><trkpt lat="23.473461" lon="120.905487"><ele>2662.0</ele><time>2023-09-10T22:56:28Z</time></trkpt><trkpt lat="23.473463" lon="120.905624"><ele>2672.0</ele><time>2023-09-10T22:57:00Z</time></trkpt><trkpt lat="23.473501" lon="120.905617"><ele>2672.0</ele><time>2023-09-10T22:57:08Z</time></trkpt><trkpt lat="23.473533" lon="120.905599"><ele>2679.0</ele><time>2023-09-10T22:57:14Z</time></trkpt><trkpt lat="23.473586" lon="120.905518"><ele>2685.0</ele><time>2023-09-10T22:57:29Z</time></trkpt><trkpt lat="23.473651" lon="120.905444"><ele>2685.0</ele><time>2023-09-10T22:57:42Z</time></trkpt><trkpt lat="23.473745" lon="120.905363"><ele>2689.0</ele><time>2023-09-10T22:59:42Z</time></trkpt><trkpt lat="23.474013" lon="120.90539"><ele>2691.0</ele><time>2023-09-10T23:00:26Z</time></trkpt><trkpt lat="23.473987" lon="120.905413"><ele>2695.0</ele><time>2023-09-10T23:00:36Z</time></trkpt><trkpt lat="23.473955" lon="120.905421"><ele>2700.0</ele><time>2023-09-10T23:00:42Z</time></trkpt><trkpt lat="23.473872" lon="120.905492"><ele>2700.0</ele><time>2023-09-10T23:00:56Z</time></trkpt><trkpt lat="23.473834" lon="120.905552"><ele>2700.0</ele><time>2023-09-10T23:01:07Z</time></trkpt><trkpt lat="23.473805" lon="120.905655"><ele>2700.0</ele><time>2023-09-10T23:01:20Z</time></trkpt><trkpt lat="23.473766" lon="120.905718"><ele>2701.0</ele><time>2023-09-10T23:01:29Z</time></trkpt><trkpt lat="23.473725" lon="120.905812"><ele>2706.0</ele><time>2023-09-10T23:01:45Z</time></trkpt><trkpt lat="23.473611" lon="120.906004"><ele>2710.0</ele><time>2023-09-10T23:02:17Z</time></trkpt><trkpt lat="23.473742" lon="120.905948"><ele>2721.0</ele><time>2023-09-10T23:02:40Z</time></trkpt><trkpt lat="23.473805" lon="120.905875"><ele>2721.0</ele><time>2023-09-10T23:02:51Z</time></trkpt><trkpt lat="23.473844" lon="120.905858"><ele>2724.0</ele><time>2023-09-10T23:02:55Z</time></trkpt><trkpt lat="23.47395" lon="120.905785"><ele>2725.0</ele><time>2023-09-10T23:03:13Z</time></trkpt><trkpt lat="23.474117" lon="120.90573"><ele>2730.0</ele><time>2023-09-10T23:03:35Z</time></trkpt><trkpt lat="23.474217" lon="120.905738"><ele>2731.0</ele><time>2023-09-10T23:03:51Z</time></trkpt><trkpt lat="23.474273" lon="120.905696"><ele>2736.0</ele><time>2023-09-10T23:03:59Z</time></trkpt><trkpt lat="23.474397" lon="120.905656"><ele>2742.0</ele><time>2023-09-10T23:04:14Z</time></trkpt><trkpt lat="23.474417" lon="120.905678"><ele>2739.0</ele><time>2023-09-10T23:04:22Z</time></trkpt><trkpt lat="23.474373" lon="120.905696"><ele>2740.0</ele><time>2023-09-10T23:04:30Z</time></trkpt><trkpt lat="23.474278" lon="120.905776"><ele>2741.0</ele><time>2023-09-10T23:04:44Z</time></trkpt><trkpt lat="23.474244" lon="120.905828"><ele>2740.0</ele><time>2023-09-10T23:04:52Z</time></trkpt><trkpt lat="23.474162" lon="120.905858"><ele>2746.0</ele><time>2023-09-10T23:05:04Z</time></trkpt><trkpt lat="23.474102" lon="120.90593"><ele>2745.0</ele><time>2023-09-10T23:05:17Z</time></trkpt><trkpt lat="23.473989" lon="120.906109"><ele>2748.0</ele><time>2023-09-10T23:05:49Z</time></trkpt><trkpt lat="23.474001" lon="120.906141"><ele>2749.8</ele><time>2023-09-10T23:05:53Z</time></trkpt><trkpt lat="23.473937" lon="120.906204"><ele>2750.0</ele><time>2023-09-10T23:06:08Z</time></trkpt><trkpt lat="23.473903" lon="120.906208"><ele>2750.0</ele><time>2023-09-10T23:06:13Z</time></trkpt><trkpt lat="23.473892" lon="120.906242"><ele>2754.0</ele><time>2023-09-10T23:06:19Z</time></trkpt><trkpt lat="23.473891" lon="120.906303"><ele>2752.0</ele><time>2023-09-10T23:06:29Z</time></trkpt><trkpt lat="23.473819" lon="120.906431"><ele>2760.0</ele><time>2023-09-10T23:06:49Z</time></trkpt><trkpt lat="23.473782" lon="120.906448"><ele>2759.0</ele><time>2023-09-10T23:07:01Z</time></trkpt><trkpt lat="23.473743" lon="120.906585"><ele>2766.0</ele><time>2023-09-10T23:07:29Z</time></trkpt><trkpt lat="23.473685" lon="120.906696"><ele>2766.0</ele><time>2023-09-10T23:07:42Z</time></trkpt><trkpt lat="23.473672" lon="120.906734"><ele>2766.0</ele><time>2023-09-10T23:07:45Z</time></trkpt><trkpt lat="23.47367" lon="120.906807"><ele>2763.0</ele><time>2023-09-10T23:07:51Z</time></trkpt><trkpt lat="23.473657" lon="120.906835"><ele>2763.0</ele><time>2023-09-10T23:07:54Z</time></trkpt><trkpt lat="23.473602" lon="120.906881"><ele>2764.0</ele><time>2023-09-10T23:08:00Z</time></trkpt><trkpt lat="23.47356" lon="120.906955"><ele>2766.0</ele><time>2023-09-10T23:08:06Z</time></trkpt><trkpt lat="23.47352" lon="120.907058"><ele>2766.0</ele><time>2023-09-10T23:08:14Z</time></trkpt><trkpt lat="23.47347" lon="120.907118"><ele>2768.0</ele><time>2023-09-10T23:08:21Z</time></trkpt><trkpt lat="23.473246" lon="120.907229"><ele>2769.0</ele><time>2023-09-10T23:08:40Z</time></trkpt><trkpt lat="23.473216" lon="120.907254"><ele>2769.0</ele><time>2023-09-10T23:08:43Z</time></trkpt><trkpt lat="23.473206" lon="120.907286"><ele>2769.0</ele><time>2023-09-10T23:08:46Z</time></trkpt><trkpt lat="23.473163" lon="120.90735"><ele>2770.0</ele><time>2023-09-10T23:08:53Z</time></trkpt><trkpt lat="23.473155" lon="120.907387"><ele>2768.0</ele><time>2023-09-10T23:08:58Z</time></trkpt><trkpt lat="23.473231" lon="120.90745"><ele>2770.0</ele><time>2023-09-10T23:09:17Z</time></trkpt><trkpt lat="23.473227" lon="120.907498"><ele>2771.0</ele><time>2023-09-10T23:09:28Z</time></trkpt><trkpt lat="23.473249" lon="120.907452"><ele>2781.0</ele><time>2023-09-10T23:09:47Z</time></trkpt><trkpt lat="23.473272" lon="120.90748"><ele>2779.0</ele><time>2023-09-10T23:09:55Z</time></trkpt><trkpt lat="23.473257" lon="120.907542"><ele>2783.0</ele><time>2023-09-10T23:10:10Z</time></trkpt><trkpt lat="23.473272" lon="120.90759"><ele>2786.0</ele><time>2023-09-10T23:10:34Z</time></trkpt><trkpt lat="23.473351" lon="120.907576"><ele>2792.0</ele><time>2023-09-10T23:10:49Z</time></trkpt><trkpt lat="23.47332" lon="120.907591"><ele>2792.0</ele><time>2023-09-10T23:10:58Z</time></trkpt><trkpt lat="23.473255" lon="120.907746"><ele>2798.0</ele><time>2023-09-10T23:11:25Z</time></trkpt><trkpt lat="23.473245" lon="120.907809"><ele>2799.0</ele><time>2023-09-10T23:11:33Z</time></trkpt><trkpt lat="23.4732" lon="120.907861"><ele>2802.0</ele><time>2023-09-10T23:11:41Z</time></trkpt><trkpt lat="23.473192" lon="120.90791"><ele>2800.0</ele><time>2023-09-10T23:11:48Z</time></trkpt><trkpt lat="23.47317" lon="120.907936"><ele>2799.0</ele><time>2023-09-10T23:11:52Z</time></trkpt><trkpt lat="23.473163" lon="120.907969"><ele>2800.0</ele><time>2023-09-10T23:11:56Z</time></trkpt><trkpt lat="23.473202" lon="120.908027"><ele>2796.0</ele><time>2023-09-10T23:12:04Z</time></trkpt><trkpt lat="23.473206" lon="120.90806"><ele>2795.0</ele><time>2023-09-10T23:12:08Z</time></trkpt><trkpt lat="23.473191" lon="120.908147"><ele>2800.0</ele><time>2023-09-10T23:12:17Z</time></trkpt><trkpt lat="23.473193" lon="120.908218"><ele>2799.0</ele><time>2023-09-10T23:12:23Z</time></trkpt><trkpt lat="23.473097" lon="120.908511"><ele>2793.0</ele><time>2023-09-10T23:12:50Z</time></trkpt><trkpt lat="23.473008" lon="120.908665"><ele>2792.0</ele><time>2023-09-10T23:13:05Z</time></trkpt><trkpt lat="23.472982" lon="120.908685"><ele>2791.0</ele><time>2023-09-10T23:13:07Z</time></trkpt><trkpt lat="23.472948" lon="120.908751"><ele>2788.0</ele><time>2023-09-10T23:13:14Z</time></trkpt><trkpt lat="23.472896" lon="120.908807"><ele>2787.0</ele><time>2023-09-10T23:13:20Z</time></trkpt><trkpt lat="23.472856" lon="120.90892"><ele>2787.0</ele><time>2023-09-10T23:13:30Z</time></trkpt><trkpt lat="23.472793" lon="120.90899"><ele>2787.0</ele><time>2023-09-10T23:13:41Z</time></trkpt><trkpt lat="23.472709" lon="120.909119"><ele>2787.0</ele><time>2023-09-10T23:13:52Z</time></trkpt><trkpt lat="23.472704" lon="120.909203"><ele>2784.0</ele><time>2023-09-10T23:13:59Z</time></trkpt><trkpt lat="23.472733" lon="120.909284"><ele>2786.0</ele><time>2023-09-10T23:14:09Z</time></trkpt><trkpt lat="23.472731" lon="120.909317"><ele>2788.4</ele><time>2023-09-10T23:14:12Z</time></trkpt><trkpt lat="23.472679" lon="120.909449"><ele>2787.0</ele><time>2023-09-10T23:14:23Z</time></trkpt><trkpt lat="23.472674" lon="120.909485"><ele>2788.0</ele><time>2023-09-10T23:14:26Z</time></trkpt><trkpt lat="23.472626" lon="120.909587"><ele>2786.0</ele><time>2023-09-10T23:14:34Z</time></trkpt><trkpt lat="23.472602" lon="120.909691"><ele>2783.0</ele><time>2023-09-10T23:14:43Z</time></trkpt><trkpt lat="23.472566" lon="120.909748"><ele>2784.0</ele><time>2023-09-10T23:14:48Z</time></trkpt><trkpt lat="23.472552" lon="120.909842"><ele>2784.0</ele><time>2023-09-10T23:14:54Z</time></trkpt><trkpt lat="23.472398" lon="120.910152"><ele>2787.0</ele><time>2023-09-10T23:15:20Z</time></trkpt><trkpt lat="23.472333" lon="120.910368"><ele>2790.0</ele><time>2023-09-10T23:15:38Z</time></trkpt><trkpt lat="23.472314" lon="120.910396"><ele>2790.0</ele><time>2023-09-10T23:15:42Z</time></trkpt><trkpt lat="23.47226" lon="120.910426"><ele>2794.0</ele><time>2023-09-10T23:15:49Z</time></trkpt><trkpt lat="23.472194" lon="120.910481"><ele>2792.0</ele><time>2023-09-10T23:15:59Z</time></trkpt><trkpt lat="23.472127" lon="120.910488"><ele>2792.0</ele><time>2023-09-10T23:16:05Z</time></trkpt><trkpt lat="23.472059" lon="120.91048"><ele>2792.0</ele><time>2023-09-10T23:16:12Z</time></trkpt><trkpt lat="23.471988" lon="120.91044"><ele>2796.0</ele><time>2023-09-10T23:16:21Z</time></trkpt><trkpt lat="23.471964" lon="120.910479"><ele>2797.0</ele><time>2023-09-10T23:16:30Z</time></trkpt><trkpt lat="23.471886" lon="120.910504"><ele>2800.0</ele><time>2023-09-10T23:16:42Z</time></trkpt><trkpt lat="23.471849" lon="120.910495"><ele>2800.0</ele><time>2023-09-10T23:16:48Z</time></trkpt><trkpt lat="23.471785" lon="120.910513"><ele>2800.0</ele><time>2023-09-10T23:16:58Z</time></trkpt><trkpt lat="23.471618" lon="120.910656"><ele>2799.0</ele><time>2023-09-10T23:17:18Z</time></trkpt><trkpt lat="23.471521" lon="120.910718"><ele>2799.0</ele><time>2023-09-10T23:17:27Z</time></trkpt><trkpt lat="23.471493" lon="120.910747"><ele>2800.0</ele><time>2023-09-10T23:17:29Z</time></trkpt><trkpt lat="23.471412" lon="120.91079"><ele>2798.0</ele><time>2023-09-10T23:17:39Z</time></trkpt><trkpt lat="23.471313" lon="120.911173"><ele>2803.0</ele><time>2023-09-10T23:18:11Z</time></trkpt><trkpt lat="23.471304" lon="120.911287"><ele>2804.0</ele><time>2023-09-10T23:18:19Z</time></trkpt><trkpt lat="23.471289" lon="120.911328"><ele>2804.7</ele><time>2023-09-10T23:18:22Z</time></trkpt><trkpt lat="23.471292" lon="120.91139"><ele>2802.0</ele><time>2023-09-10T23:18:27Z</time></trkpt><trkpt lat="23.471264" lon="120.91149"><ele>2804.0</ele><time>2023-09-10T23:18:38Z</time></trkpt><trkpt lat="23.471219" lon="120.911543"><ele>2803.0</ele><time>2023-09-10T23:18:44Z</time></trkpt><trkpt lat="23.471188" lon="120.911563"><ele>2802.0</ele><time>2023-09-10T23:18:47Z</time></trkpt><trkpt lat="23.471124" lon="120.911582"><ele>2802.0</ele><time>2023-09-10T23:18:53Z</time></trkpt><trkpt lat="23.4711" lon="120.911611"><ele>2802.0</ele><time>2023-09-10T23:18:56Z</time></trkpt><trkpt lat="23.471083" lon="120.911678"><ele>2804.0</ele><time>2023-09-10T23:19:04Z</time></trkpt><trkpt lat="23.471048" lon="120.911731"><ele>2808.0</ele><time>2023-09-10T23:19:09Z</time></trkpt><trkpt lat="23.471" lon="120.911761"><ele>2808.0</ele><time>2023-09-10T23:19:15Z</time></trkpt><trkpt lat="23.470979" lon="120.911795"><ele>2807.0</ele><time>2023-09-10T23:19:18Z</time></trkpt><trkpt lat="23.47097" lon="120.911872"><ele>2805.0</ele><time>2023-09-10T23:19:24Z</time></trkpt><trkpt lat="23.470977" lon="120.911942"><ele>2804.0</ele><time>2023-09-10T23:19:31Z</time></trkpt><trkpt lat="23.470996" lon="120.911976"><ele>2805.0</ele><time>2023-09-10T23:19:34Z</time></trkpt><trkpt lat="23.471077" lon="120.912029"><ele>2804.0</ele><time>2023-09-10T23:19:45Z</time></trkpt><trkpt lat="23.471159" lon="120.912148"><ele>2809.0</ele><time>2023-09-10T23:19:57Z</time></trkpt><trkpt lat="23.471153" lon="120.912247"><ele>2810.0</ele><time>2023-09-10T23:20:07Z</time></trkpt><trkpt lat="23.471086" lon="120.91238"><ele>2815.0</ele><time>2023-09-10T23:20:24Z</time></trkpt><trkpt lat="23.471048" lon="120.912436"><ele>2812.0</ele><time>2023-09-10T23:20:33Z</time></trkpt><trkpt lat="23.471033" lon="120.912479"><ele>2812.0</ele><time>2023-09-10T23:20:37Z</time></trkpt><trkpt lat="23.471035" lon="120.912555"><ele>2811.0</ele><time>2023-09-10T23:20:43Z</time></trkpt><trkpt lat="23.471064" lon="120.912668"><ele>2811.8</ele><time>2023-09-10T23:20:54Z</time></trkpt><trkpt lat="23.471049" lon="120.912731"><ele>2811.0</ele><time>2023-09-10T23:21:01Z</time></trkpt><trkpt lat="23.470982" lon="120.912817"><ele>2812.0</ele><time>2023-09-10T23:21:11Z</time></trkpt><trkpt lat="23.470843" lon="120.912944"><ele>2816.0</ele><time>2023-09-10T23:21:30Z</time></trkpt><trkpt lat="23.470749" lon="120.912981"><ele>2815.0</ele><time>2023-09-10T23:21:43Z</time></trkpt><trkpt lat="23.470729" lon="120.91305"><ele>2818.0</ele><time>2023-09-10T23:21:53Z</time></trkpt><trkpt lat="23.470761" lon="120.913114"><ele>2817.0</ele><time>2023-09-10T23:21:58Z</time></trkpt><trkpt lat="23.470782" lon="120.913232"><ele>2815.0</ele><time>2023-09-10T23:22:07Z</time></trkpt><trkpt lat="23.470784" lon="120.913451"><ele>2820.0</ele><time>2023-09-10T23:22:27Z</time></trkpt><trkpt lat="23.470732" lon="120.913576"><ele>2824.0</ele><time>2023-09-10T23:22:37Z</time></trkpt><trkpt lat="23.470705" lon="120.913703"><ele>2830.0</ele><time>2023-09-10T23:22:51Z</time></trkpt><trkpt lat="23.47066" lon="120.91375"><ele>2832.0</ele><time>2023-09-10T23:22:59Z</time></trkpt><trkpt lat="23.470628" lon="120.913764"><ele>2835.0</ele><time>2023-09-10T23:23:02Z</time></trkpt><trkpt lat="23.47054" lon="120.913766"><ele>2836.0</ele><time>2023-09-10T23:23:13Z</time></trkpt><trkpt lat="23.47041" lon="120.913738"><ele>2834.0</ele><time>2023-09-10T23:23:27Z</time></trkpt><trkpt lat="23.470369" lon="120.913738"><ele>2836.0</ele><time>2023-09-10T23:23:31Z</time></trkpt><trkpt lat="23.470331" lon="120.913779"><ele>2832.0</ele><time>2023-09-10T23:23:39Z</time></trkpt><trkpt lat="23.470338" lon="120.913813"><ele>2832.0</ele><time>2023-09-10T23:23:42Z</time></trkpt><trkpt lat="23.470367" lon="120.91383"><ele>2830.0</ele><time>2023-09-10T23:23:46Z</time></trkpt><trkpt lat="23.470379" lon="120.913865"><ele>2832.0</ele><time>2023-09-10T23:23:50Z</time></trkpt><trkpt lat="23.470368" lon="120.91393"><ele>2832.0</ele><time>2023-09-10T23:23:56Z</time></trkpt><trkpt lat="23.470372" lon="120.913998"><ele>2832.0</ele><time>2023-09-10T23:24:02Z</time></trkpt><trkpt lat="23.470404" lon="120.914163"><ele>2832.0</ele><time>2023-09-10T23:24:18Z</time></trkpt><trkpt lat="23.470417" lon="120.914311"><ele>2830.0</ele><time>2023-09-10T23:24:39Z</time></trkpt><trkpt lat="23.470437" lon="120.914364"><ele>2832.0</ele><time>2023-09-10T23:24:51Z</time></trkpt><trkpt lat="23.470513" lon="120.914474"><ele>2838.0</ele><time>2023-09-10T23:25:09Z</time></trkpt><trkpt lat="23.470597" lon="120.914552"><ele>2840.0</ele><time>2023-09-10T23:25:25Z</time></trkpt><trkpt lat="23.470635" lon="120.914566"><ele>2842.0</ele><time>2023-09-10T23:25:34Z</time></trkpt><trkpt lat="23.470665" lon="120.914599"><ele>2842.0</ele><time>2023-09-10T23:25:42Z</time></trkpt><trkpt lat="23.470703" lon="120.914614"><ele>2841.0</ele><time>2023-09-10T23:25:44Z</time></trkpt><trkpt lat="23.47078" lon="120.914617"><ele>2841.0</ele><time>2023-09-10T23:25:48Z</time></trkpt><trkpt lat="23.470801" lon="120.914645"><ele>2842.0</ele><time>2023-09-10T23:25:51Z</time></trkpt><trkpt lat="23.470793" lon="120.914708"><ele>2842.0</ele><time>2023-09-10T23:25:57Z</time></trkpt><trkpt lat="23.47081" lon="120.914845"><ele>2842.0</ele><time>2023-09-10T23:26:09Z</time></trkpt><trkpt lat="23.470878" lon="120.914963"><ele>2844.0</ele><time>2023-09-10T23:26:24Z</time></trkpt><trkpt lat="23.470916" lon="120.914999"><ele>2845.6</ele><time>2023-09-10T23:26:30Z</time></trkpt><trkpt lat="23.470936" lon="120.915006"><ele>2844.0</ele><time>2023-09-10T23:26:32Z</time></trkpt><trkpt lat="23.470988" lon="120.914989"><ele>2843.0</ele><time>2023-09-10T23:26:40Z</time></trkpt><trkpt lat="23.471041" lon="120.915047"><ele>2849.0</ele><time>2023-09-10T23:26:49Z</time></trkpt><trkpt lat="23.471044" lon="120.915079"><ele>2850.0</ele><time>2023-09-10T23:26:55Z</time></trkpt><trkpt lat="23.471015" lon="120.915126"><ele>2850.0</ele><time>2023-09-10T23:27:12Z</time></trkpt><trkpt lat="23.471024" lon="120.915157"><ele>2851.0</ele><time>2023-09-10T23:27:16Z</time></trkpt><trkpt lat="23.471056" lon="120.915183"><ele>2848.0</ele><time>2023-09-10T23:27:18Z</time></trkpt><trkpt lat="23.471141" lon="120.91521"><ele>2849.8</ele><time>2023-09-10T23:27:26Z</time></trkpt><trkpt lat="23.471175" lon="120.915258"><ele>2852.0</ele><time>2023-09-10T23:27:32Z</time></trkpt><trkpt lat="23.471203" lon="120.915276"><ele>2852.0</ele><time>2023-09-10T23:27:35Z</time></trkpt><trkpt lat="23.471253" lon="120.91536"><ele>2855.0</ele><time>2023-09-10T23:27:45Z</time></trkpt><trkpt lat="23.471236" lon="120.915426"><ele>2859.0</ele><time>2023-09-10T23:27:54Z</time></trkpt><trkpt lat="23.471274" lon="120.915479"><ele>2860.0</ele><time>2023-09-10T23:28:01Z</time></trkpt><trkpt lat="23.471274" lon="120.91552"><ele>2862.0</ele><time>2023-09-10T23:28:05Z</time></trkpt><trkpt lat="23.4713" lon="120.915584"><ele>2860.0</ele><time>2023-09-10T23:28:11Z</time></trkpt><trkpt lat="23.471261" lon="120.915678"><ele>2860.0</ele><time>2023-09-10T23:28:20Z</time></trkpt><trkpt lat="23.471229" lon="120.915704"><ele>2860.0</ele><time>2023-09-10T23:28:25Z</time></trkpt><trkpt lat="23.471107" lon="120.915998"><ele>2856.0</ele><time>2023-09-10T23:28:55Z</time></trkpt><trkpt lat="23.471048" lon="120.916044"><ele>2860.0</ele><time>2023-09-10T23:29:01Z</time></trkpt><trkpt lat="23.470996" lon="120.916053"><ele>2860.0</ele><time>2023-09-10T23:29:08Z</time></trkpt><trkpt lat="23.470911" lon="120.916122"><ele>2859.0</ele><time>2023-09-10T23:29:18Z</time></trkpt><trkpt lat="23.470822" lon="120.916276"><ele>2853.0</ele><time>2023-09-10T23:29:53Z</time></trkpt><trkpt lat="23.470803" lon="120.916358"><ele>2853.0</ele><time>2023-09-10T23:30:04Z</time></trkpt><trkpt lat="23.470808" lon="120.916427"><ele>2854.0</ele><time>2023-09-10T23:30:12Z</time></trkpt><trkpt lat="23.470789" lon="120.916492"><ele>2854.0</ele><time>2023-09-10T23:30:16Z</time></trkpt><trkpt lat="23.470757" lon="120.916553"><ele>2853.0</ele><time>2023-09-10T23:30:21Z</time></trkpt><trkpt lat="23.470758" lon="120.916621"><ele>2853.0</ele><time>2023-09-10T23:30:26Z</time></trkpt><trkpt lat="23.47072" lon="120.916671"><ele>2853.0</ele><time>2023-09-10T23:30:32Z</time></trkpt><trkpt lat="23.470692" lon="120.916686"><ele>2852.0</ele><time>2023-09-10T23:30:36Z</time></trkpt><trkpt lat="23.470667" lon="120.916757"><ele>2851.0</ele><time>2023-09-10T23:30:42Z</time></trkpt><trkpt lat="23.470665" lon="120.916847"><ele>2853.0</ele><time>2023-09-10T23:30:51Z</time></trkpt><trkpt lat="23.470709" lon="120.916888"><ele>2852.0</ele><time>2023-09-10T23:30:57Z</time></trkpt><trkpt lat="23.470729" lon="120.916959"><ele>2850.0</ele><time>2023-09-10T23:31:04Z</time></trkpt><trkpt lat="23.470781" lon="120.917011"><ele>2850.0</ele><time>2023-09-10T23:31:11Z</time></trkpt><trkpt lat="23.470822" lon="120.917086"><ele>2850.0</ele><time>2023-09-10T23:31:18Z</time></trkpt><trkpt lat="23.470831" lon="120.917165"><ele>2850.0</ele><time>2023-09-10T23:31:24Z</time></trkpt><trkpt lat="23.470754" lon="120.917328"><ele>2856.0</ele><time>2023-09-10T23:31:38Z</time></trkpt><trkpt lat="23.470642" lon="120.917482"><ele>2854.0</ele><time>2023-09-10T23:31:53Z</time></trkpt><trkpt lat="23.470587" lon="120.91753"><ele>2853.0</ele><time>2023-09-10T23:31:59Z</time></trkpt><trkpt lat="23.470519" lon="120.917609"><ele>2853.0</ele><time>2023-09-10T23:32:08Z</time></trkpt><trkpt lat="23.470469" lon="120.917766"><ele>2854.0</ele><time>2023-09-10T23:32:21Z</time></trkpt><trkpt lat="23.470467" lon="120.917862"><ele>2856.0</ele><time>2023-09-10T23:32:31Z</time></trkpt><trkpt lat="23.470486" lon="120.917934"><ele>2853.0</ele><time>2023-09-10T23:32:39Z</time></trkpt><trkpt lat="23.470483" lon="120.918058"><ele>2856.0</ele><time>2023-09-10T23:32:52Z</time></trkpt><trkpt lat="23.470503" lon="120.91817"><ele>2852.0</ele><time>2023-09-10T23:33:08Z</time></trkpt><trkpt lat="23.470536" lon="120.918239"><ele>2853.0</ele><time>2023-09-10T23:33:14Z</time></trkpt><trkpt lat="23.47065" lon="120.918374"><ele>2855.0</ele><time>2023-09-10T23:33:29Z</time></trkpt><trkpt lat="23.470665" lon="120.918405"><ele>2856.0</ele><time>2023-09-10T23:33:32Z</time></trkpt><trkpt lat="23.470725" lon="120.918451"><ele>2856.0</ele><time>2023-09-10T23:33:38Z</time></trkpt><trkpt lat="23.47076" lon="120.918492"><ele>2856.0</ele><time>2023-09-10T23:33:42Z</time></trkpt><trkpt lat="23.470965" lon="120.918593"><ele>2856.0</ele><time>2023-09-10T23:34:01Z</time></trkpt><trkpt lat="23.47103" lon="120.918612"><ele>2856.0</ele><time>2023-09-10T23:34:08Z</time></trkpt><trkpt lat="23.471128" lon="120.9186"><ele>2860.0</ele><time>2023-09-10T23:34:18Z</time></trkpt><trkpt lat="23.471208" lon="120.918572"><ele>2859.0</ele><time>2023-09-10T23:34:26Z</time></trkpt><trkpt lat="23.471279" lon="120.918587"><ele>2861.3</ele><time>2023-09-10T23:34:32Z</time></trkpt><trkpt lat="23.471385" lon="120.918656"><ele>2864.0</ele><time>2023-09-10T23:34:49Z</time></trkpt><trkpt lat="23.471493" lon="120.9188"><ele>2868.0</ele><time>2023-09-10T23:35:12Z</time></trkpt><trkpt lat="23.471538" lon="120.918888"><ele>2868.0</ele><time>2023-09-10T23:35:23Z</time></trkpt><trkpt lat="23.471563" lon="120.918965"><ele>2870.0</ele><time>2023-09-10T23:35:31Z</time></trkpt><trkpt lat="23.47156" lon="120.919121"><ele>2869.0</ele><time>2023-09-10T23:35:41Z</time></trkpt><trkpt lat="23.471576" lon="120.919188"><ele>2868.0</ele><time>2023-09-10T23:35:46Z</time></trkpt><trkpt lat="23.471563" lon="120.919339"><ele>2865.0</ele><time>2023-09-10T23:36:06Z</time></trkpt><trkpt lat="23.471498" lon="120.919396"><ele>2864.0</ele><time>2023-09-10T23:36:12Z</time></trkpt><trkpt lat="23.471448" lon="120.919414"><ele>2863.0</ele><time>2023-09-10T23:36:17Z</time></trkpt><trkpt lat="23.471431" lon="120.919447"><ele>2862.0</ele><time>2023-09-10T23:36:21Z</time></trkpt><trkpt lat="23.471436" lon="120.919518"><ele>2859.0</ele><time>2023-09-10T23:36:31Z</time></trkpt><trkpt lat="23.471421" lon="120.919559"><ele>2856.0</ele><time>2023-09-10T23:36:34Z</time></trkpt><trkpt lat="23.47142" lon="120.919625"><ele>2854.0</ele><time>2023-09-10T23:36:39Z</time></trkpt><trkpt lat="23.471357" lon="120.91968"><ele>2850.0</ele><time>2023-09-10T23:36:46Z</time></trkpt><trkpt lat="23.471342" lon="120.919728"><ele>2845.0</ele><time>2023-09-10T23:36:53Z</time></trkpt><trkpt lat="23.471374" lon="120.919799"><ele>2844.0</ele><time>2023-09-10T23:37:02Z</time></trkpt><trkpt lat="23.471381" lon="120.919843"><ele>2843.0</ele><time>2023-09-10T23:37:04Z</time></trkpt><trkpt lat="23.471374" lon="120.919875"><ele>2843.9</ele><time>2023-09-10T23:37:05Z</time></trkpt><trkpt lat="23.471292" lon="120.920034"><ele>2841.0</ele><time>2023-09-10T23:37:22Z</time></trkpt><trkpt lat="23.471282" lon="120.920149"><ele>2840.0</ele><time>2023-09-10T23:37:31Z</time></trkpt><trkpt lat="23.471261" lon="120.920185"><ele>2839.0</ele><time>2023-09-10T23:37:33Z</time></trkpt><trkpt lat="23.471282" lon="120.920213"><ele>2838.0</ele><time>2023-09-10T23:37:35Z</time></trkpt><trkpt lat="23.471324" lon="120.920237"><ele>2839.0</ele><time>2023-09-10T23:37:38Z</time></trkpt><trkpt lat="23.471393" lon="120.92024"><ele>2841.0</ele><time>2023-09-10T23:37:44Z</time></trkpt><trkpt lat="23.471462" lon="120.920275"><ele>2844.0</ele><time>2023-09-10T23:37:52Z</time></trkpt><trkpt lat="23.471538" lon="120.920347"><ele>2844.0</ele><time>2023-09-10T23:38:03Z</time></trkpt><trkpt lat="23.471598" lon="120.920378"><ele>2844.0</ele><time>2023-09-10T23:38:12Z</time></trkpt><trkpt lat="23.471674" lon="120.920439"><ele>2849.0</ele><time>2023-09-10T23:38:28Z</time></trkpt><trkpt lat="23.471685" lon="120.920495"><ele>2848.0</ele><time>2023-09-10T23:38:42Z</time></trkpt><trkpt lat="23.471637" lon="120.920543"><ele>2847.0</ele><time>2023-09-10T23:38:53Z</time></trkpt><trkpt lat="23.471606" lon="120.92062"><ele>2844.0</ele><time>2023-09-10T23:39:02Z</time></trkpt><trkpt lat="23.471526" lon="120.920662"><ele>2844.0</ele><time>2023-09-10T23:39:14Z</time></trkpt><trkpt lat="23.471464" lon="120.920717"><ele>2843.0</ele><time>2023-09-10T23:39:24Z</time></trkpt><trkpt lat="23.471475" lon="120.920811"><ele>2842.0</ele><time>2023-09-10T23:39:32Z</time></trkpt><trkpt lat="23.47152" lon="120.92083"><ele>2840.0</ele><time>2023-09-10T23:39:40Z</time></trkpt><trkpt lat="23.471641" lon="120.920956"><ele>2846.0</ele><time>2023-09-10T23:39:58Z</time></trkpt><trkpt lat="23.471678" lon="120.920967"><ele>2848.0</ele><time>2023-09-10T23:40:03Z</time></trkpt><trkpt lat="23.471791" lon="120.920944"><ele>2852.0</ele><time>2023-09-10T23:40:16Z</time></trkpt><trkpt lat="23.471856" lon="120.920949"><ele>2854.0</ele><time>2023-09-10T23:40:22Z</time></trkpt><trkpt lat="23.471966" lon="120.921032"><ele>2862.0</ele><time>2023-09-10T23:40:37Z</time></trkpt><trkpt lat="23.472145" lon="120.92111"><ele>2865.0</ele><time>2023-09-10T23:41:11Z</time></trkpt><trkpt lat="23.472111" lon="120.921145"><ele>2871.6</ele><time>2023-09-10T23:41:17Z</time></trkpt><trkpt lat="23.472091" lon="120.921211"><ele>2867.0</ele><time>2023-09-10T23:41:24Z</time></trkpt><trkpt lat="23.471992" lon="120.921336"><ele>2864.0</ele><time>2023-09-10T23:41:38Z</time></trkpt><trkpt lat="23.472003" lon="120.921365"><ele>2862.0</ele><time>2023-09-10T23:41:40Z</time></trkpt><trkpt lat="23.472028" lon="120.921388"><ele>2859.0</ele><time>2023-09-10T23:41:42Z</time></trkpt><trkpt lat="23.472089" lon="120.921412"><ele>2859.0</ele><time>2023-09-10T23:41:48Z</time></trkpt><trkpt lat="23.472149" lon="120.921453"><ele>2859.0</ele><time>2023-09-10T23:41:56Z</time></trkpt><trkpt lat="23.472193" lon="120.921496"><ele>2860.0</ele><time>2023-09-10T23:42:04Z</time></trkpt><trkpt lat="23.472249" lon="120.921585"><ele>2866.0</ele><time>2023-09-10T23:42:12Z</time></trkpt><trkpt lat="23.472366" lon="120.921656"><ele>2872.0</ele><time>2023-09-10T23:42:32Z</time></trkpt><trkpt lat="23.472436" lon="120.921635"><ele>2871.0</ele><time>2023-09-10T23:42:39Z</time></trkpt><trkpt lat="23.472471" lon="120.921636"><ele>2871.0</ele><time>2023-09-10T23:42:42Z</time></trkpt><trkpt lat="23.472632" lon="120.92175"><ele>2880.0</ele><time>2023-09-10T23:43:06Z</time></trkpt><trkpt lat="23.472513" lon="120.921767"><ele>2876.0</ele><time>2023-09-10T23:43:23Z</time></trkpt><trkpt lat="23.472344" lon="120.921899"><ele>2883.0</ele><time>2023-09-10T23:43:45Z</time></trkpt><trkpt lat="23.472302" lon="120.921948"><ele>2884.0</ele><time>2023-09-10T23:43:54Z</time></trkpt><trkpt lat="23.472279" lon="120.922015"><ele>2884.0</ele><time>2023-09-10T23:44:01Z</time></trkpt><trkpt lat="23.472321" lon="120.922119"><ele>2881.0</ele><time>2023-09-10T23:44:08Z</time></trkpt><trkpt lat="23.472191" lon="120.922199"><ele>2886.0</ele><time>2023-09-10T23:44:25Z</time></trkpt><trkpt lat="23.47218" lon="120.92223"><ele>2886.0</ele><time>2023-09-10T23:44:27Z</time></trkpt><trkpt lat="23.472199" lon="120.922308"><ele>2883.0</ele><time>2023-09-10T23:44:32Z</time></trkpt><trkpt lat="23.472229" lon="120.922376"><ele>2880.0</ele><time>2023-09-10T23:44:40Z</time></trkpt><trkpt lat="23.472219" lon="120.922411"><ele>2881.0</ele><time>2023-09-10T23:44:43Z</time></trkpt><trkpt lat="23.472118" lon="120.922476"><ele>2887.0</ele><time>2023-09-10T23:44:56Z</time></trkpt><trkpt lat="23.472099" lon="120.922507"><ele>2889.0</ele><time>2023-09-10T23:45:00Z</time></trkpt><trkpt lat="23.472015" lon="120.922554"><ele>2892.0</ele><time>2023-09-10T23:45:10Z</time></trkpt><trkpt lat="23.47195" lon="120.92257"><ele>2892.0</ele><time>2023-09-10T23:45:17Z</time></trkpt><trkpt lat="23.471918" lon="120.922559"><ele>2894.0</ele><time>2023-09-10T23:45:21Z</time></trkpt><trkpt lat="23.471882" lon="120.922568"><ele>2891.0</ele><time>2023-09-10T23:45:26Z</time></trkpt><trkpt lat="23.471841" lon="120.922552"><ele>2892.0</ele><time>2023-09-10T23:45:30Z</time></trkpt><trkpt lat="23.471783" lon="120.922581"><ele>2894.3</ele><time>2023-09-10T23:45:35Z</time></trkpt><trkpt lat="23.471754" lon="120.922629"><ele>2892.0</ele><time>2023-09-10T23:45:40Z</time></trkpt><trkpt lat="23.471594" lon="120.922731"><ele>2892.0</ele><time>2023-09-10T23:45:58Z</time></trkpt><trkpt lat="23.471508" lon="120.922913"><ele>2889.0</ele><time>2023-09-10T23:46:20Z</time></trkpt><trkpt lat="23.47156" lon="120.923007"><ele>2889.0</ele><time>2023-09-10T23:46:32Z</time></trkpt><trkpt lat="23.471563" lon="120.923076"><ele>2892.0</ele><time>2023-09-10T23:46:40Z</time></trkpt><trkpt lat="23.471606" lon="120.923141"><ele>2891.0</ele><time>2023-09-10T23:46:48Z</time></trkpt><trkpt lat="23.471537" lon="120.923204"><ele>2897.0</ele><time>2023-09-10T23:46:58Z</time></trkpt><trkpt lat="23.471557" lon="120.923248"><ele>2900.0</ele><time>2023-09-10T23:47:04Z</time></trkpt><trkpt lat="23.471671" lon="120.923322"><ele>2900.0</ele><time>2023-09-10T23:47:25Z</time></trkpt><trkpt lat="23.471724" lon="120.923311"><ele>2908.0</ele><time>2023-09-10T23:47:37Z</time></trkpt><trkpt lat="23.471794" lon="120.923332"><ele>2910.0</ele><time>2023-09-10T23:47:45Z</time></trkpt><trkpt lat="23.47184" lon="120.923412"><ele>2909.0</ele><time>2023-09-10T23:48:02Z</time></trkpt><trkpt lat="23.471803" lon="120.923413"><ele>2913.6</ele><time>2023-09-10T23:48:05Z</time></trkpt><trkpt lat="23.471641" lon="120.923475"><ele>2915.0</ele><time>2023-09-10T23:48:22Z</time></trkpt><trkpt lat="23.471573" lon="120.923559"><ele>2917.0</ele><time>2023-09-10T23:48:34Z</time></trkpt><trkpt lat="23.47155" lon="120.923637"><ele>2916.0</ele><time>2023-09-10T23:48:40Z</time></trkpt><trkpt lat="23.471577" lon="120.923749"><ele>2920.0</ele><time>2023-09-10T23:48:52Z</time></trkpt><trkpt lat="23.471605" lon="120.923777"><ele>2920.3</ele><time>2023-09-10T23:48:56Z</time></trkpt><trkpt lat="23.471608" lon="120.923863"><ele>2920.0</ele><time>2023-09-10T23:49:03Z</time></trkpt><trkpt lat="23.471724" lon="120.924003"><ele>2917.0</ele><time>2023-09-10T23:49:22Z</time></trkpt><trkpt lat="23.471686" lon="120.924012"><ele>2923.0</ele><time>2023-09-10T23:49:29Z</time></trkpt><trkpt lat="23.471663" lon="120.924034"><ele>2925.0</ele><time>2023-09-10T23:49:37Z</time></trkpt><trkpt lat="23.471608" lon="120.923992"><ele>2934.0</ele><time>2023-09-10T23:49:47Z</time></trkpt><trkpt lat="23.471553" lon="120.924015"><ele>2932.0</ele><time>2023-09-10T23:49:55Z</time></trkpt><trkpt lat="23.471496" lon="120.924057"><ele>2930.0</ele><time>2023-09-10T23:50:03Z</time></trkpt><trkpt lat="23.471339" lon="120.924094"><ele>2930.0</ele><time>2023-09-10T23:50:29Z</time></trkpt><trkpt lat="23.471193" lon="120.924204"><ele>2925.0</ele><time>2023-09-10T23:50:51Z</time></trkpt><trkpt lat="23.471164" lon="120.924213"><ele>2922.0</ele><time>2023-09-10T23:50:54Z</time></trkpt><trkpt lat="23.471081" lon="120.924333"><ele>2923.0</ele><time>2023-09-10T23:51:08Z</time></trkpt><trkpt lat="23.471032" lon="120.924431"><ele>2924.0</ele><time>2023-09-10T23:51:17Z</time></trkpt><trkpt lat="23.470992" lon="120.924481"><ele>2927.0</ele><time>2023-09-10T23:51:23Z</time></trkpt><trkpt lat="23.470924" lon="120.924516"><ele>2932.0</ele><time>2023-09-10T23:51:33Z</time></trkpt><trkpt lat="23.470882" lon="120.924577"><ele>2931.0</ele><time>2023-09-10T23:51:41Z</time></trkpt><trkpt lat="23.470705" lon="120.92461"><ele>2940.0</ele><time>2023-09-10T23:52:05Z</time></trkpt><trkpt lat="23.470663" lon="120.924633"><ele>2944.1</ele><time>2023-09-10T23:52:12Z</time></trkpt><trkpt lat="23.47065" lon="120.924617"><ele>2944.0</ele><time>2023-09-10T23:52:14Z</time></trkpt><trkpt lat="23.470611" lon="120.924609"><ele>2942.0</ele><time>2023-09-10T23:52:20Z</time></trkpt><trkpt lat="23.470496" lon="120.924599"><ele>2942.0</ele><time>2023-09-10T23:52:42Z</time></trkpt><trkpt lat="23.470393" lon="120.92471"><ele>2941.0</ele><time>2023-09-10T23:52:56Z</time></trkpt><trkpt lat="23.470293" lon="120.924751"><ele>2941.0</ele><time>2023-09-10T23:53:09Z</time></trkpt><trkpt lat="23.470057" lon="120.924931"><ele>2946.0</ele><time>2023-09-10T23:53:40Z</time></trkpt><trkpt lat="23.469969" lon="120.924911"><ele>2949.0</ele><time>2023-09-10T23:53:54Z</time></trkpt><trkpt lat="23.469938" lon="120.924887"><ele>2952.0</ele><time>2023-09-10T23:54:04Z</time></trkpt><trkpt lat="23.469896" lon="120.924893"><ele>2952.0</ele><time>2023-09-10T23:54:09Z</time></trkpt><trkpt lat="23.469865" lon="120.924912"><ele>2952.0</ele><time>2023-09-10T23:54:13Z</time></trkpt><trkpt lat="23.469851" lon="120.924943"><ele>2950.0</ele><time>2023-09-10T23:54:17Z</time></trkpt><trkpt lat="23.469719" lon="120.925012"><ele>2950.0</ele><time>2023-09-10T23:54:30Z</time></trkpt><trkpt lat="23.46968" lon="120.925064"><ele>2950.0</ele><time>2023-09-10T23:54:36Z</time></trkpt><trkpt lat="23.46963" lon="120.925097"><ele>2951.9</ele><time>2023-09-10T23:54:42Z</time></trkpt><trkpt lat="23.469614" lon="120.925115"><ele>2950.0</ele><time>2023-09-10T23:54:44Z</time></trkpt><trkpt lat="23.469596" lon="120.925184"><ele>2949.0</ele><time>2023-09-10T23:54:51Z</time></trkpt><trkpt lat="23.469564" lon="120.925194"><ele>2950.0</ele><time>2023-09-10T23:54:55Z</time></trkpt><trkpt lat="23.469524" lon="120.925128"><ele>2952.0</ele><time>2023-09-10T23:55:03Z</time></trkpt><trkpt lat="23.469487" lon="120.925118"><ele>2952.0</ele><time>2023-09-10T23:55:07Z</time></trkpt><trkpt lat="23.469386" lon="120.925131"><ele>2955.0</ele><time>2023-09-10T23:55:33Z</time></trkpt><trkpt lat="23.469347" lon="120.925125"><ele>2952.0</ele><time>2023-09-10T23:55:37Z</time></trkpt><trkpt lat="23.469314" lon="120.92515"><ele>2952.0</ele><time>2023-09-10T23:55:40Z</time></trkpt><trkpt lat="23.469252" lon="120.925168"><ele>2952.0</ele><time>2023-09-10T23:55:45Z</time></trkpt><trkpt lat="23.469141" lon="120.925269"><ele>2949.0</ele><time>2023-09-10T23:55:58Z</time></trkpt><trkpt lat="23.468939" lon="120.925384"><ele>2953.0</ele><time>2023-09-10T23:56:23Z</time></trkpt><trkpt lat="23.468896" lon="120.925435"><ele>2953.0</ele><time>2023-09-10T23:56:29Z</time></trkpt><trkpt lat="23.468815" lon="120.925476"><ele>2955.0</ele><time>2023-09-10T23:56:41Z</time></trkpt><trkpt lat="23.468742" lon="120.925486"><ele>2955.0</ele><time>2023-09-10T23:56:49Z</time></trkpt><trkpt lat="23.468691" lon="120.925509"><ele>2955.0</ele><time>2023-09-10T23:56:54Z</time></trkpt><trkpt lat="23.468537" lon="120.925511"><ele>2956.0</ele><time>2023-09-10T23:57:15Z</time></trkpt><trkpt lat="23.468473" lon="120.925484"><ele>2956.0</ele><time>2023-09-10T23:57:23Z</time></trkpt><trkpt lat="23.46844" lon="120.925486"><ele>2957.0</ele><time>2023-09-10T23:57:26Z</time></trkpt><trkpt lat="23.468422" lon="120.925554"><ele>2954.0</ele><time>2023-09-10T23:57:31Z</time></trkpt><trkpt lat="23.468428" lon="120.925588"><ele>2952.0</ele><time>2023-09-10T23:57:34Z</time></trkpt><trkpt lat="23.468419" lon="120.925717"><ele>2956.0</ele><time>2023-09-10T23:57:44Z</time></trkpt><trkpt lat="23.468402" lon="120.925769"><ele>2955.0</ele><time>2023-09-10T23:57:49Z</time></trkpt><trkpt lat="23.468333" lon="120.925891"><ele>2958.0</ele><time>2023-09-10T23:58:04Z</time></trkpt><trkpt lat="23.468237" lon="120.925938"><ele>2958.0</ele><time>2023-09-10T23:58:16Z</time></trkpt><trkpt lat="23.46818" lon="120.925979"><ele>2957.0</ele><time>2023-09-10T23:58:23Z</time></trkpt><trkpt lat="23.468013" lon="120.926013"><ele>2960.0</ele><time>2023-09-10T23:58:56Z</time></trkpt><trkpt lat="23.467992" lon="120.926034"><ele>2959.0</ele><time>2023-09-10T23:59:15Z</time></trkpt><trkpt lat="23.467965" lon="120.926138"><ele>2958.0</ele><time>2023-09-10T23:59:29Z</time></trkpt><trkpt lat="23.467892" lon="120.926289"><ele>2962.0</ele><time>2023-09-10T23:59:51Z</time></trkpt><trkpt lat="23.467887" lon="120.92637"><ele>2965.0</ele><time>2023-09-11T00:00:02Z</time></trkpt><trkpt lat="23.467839" lon="120.926363"><ele>2975.0</ele><time>2023-09-11T00:00:10Z</time></trkpt><trkpt lat="23.467779" lon="120.926381"><ele>2975.0</ele><time>2023-09-11T00:00:19Z</time></trkpt><trkpt lat="23.467715" lon="120.926378"><ele>2982.0</ele><time>2023-09-11T00:00:27Z</time></trkpt><trkpt lat="23.467675" lon="120.926391"><ele>2982.9</ele><time>2023-09-11T00:00:31Z</time></trkpt><trkpt lat="23.467602" lon="120.926386"><ele>2981.0</ele><time>2023-09-11T00:00:38Z</time></trkpt><trkpt lat="23.467496" lon="120.926319"><ele>2982.0</ele><time>2023-09-11T00:01:03Z</time></trkpt><trkpt lat="23.467448" lon="120.926254"><ele>2985.0</ele><time>2023-09-11T00:01:13Z</time></trkpt><trkpt lat="23.467389" lon="120.926258"><ele>2980.0</ele><time>2023-09-11T00:01:17Z</time></trkpt><trkpt lat="23.467347" lon="120.926237"><ele>2980.0</ele><time>2023-09-11T00:01:21Z</time></trkpt><trkpt lat="23.467164" lon="120.926336"><ele>2975.0</ele><time>2023-09-11T00:01:41Z</time></trkpt><trkpt lat="23.467124" lon="120.926389"><ele>2976.0</ele><time>2023-09-11T00:01:47Z</time></trkpt><trkpt lat="23.467038" lon="120.926455"><ele>2976.0</ele><time>2023-09-11T00:01:57Z</time></trkpt><trkpt lat="23.467021" lon="120.926483"><ele>2976.0</ele><time>2023-09-11T00:01:59Z</time></trkpt><trkpt lat="23.466826" lon="120.926653"><ele>2979.0</ele><time>2023-09-11T00:02:23Z</time></trkpt><trkpt lat="23.466795" lon="120.926653"><ele>2981.0</ele><time>2023-09-11T00:02:26Z</time></trkpt><trkpt lat="23.466753" lon="120.926714"><ele>2982.0</ele><time>2023-09-11T00:02:34Z</time></trkpt><trkpt lat="23.466724" lon="120.926821"><ele>2980.0</ele><time>2023-09-11T00:02:43Z</time></trkpt><trkpt lat="23.466712" lon="120.926952"><ele>2982.0</ele><time>2023-09-11T00:02:55Z</time></trkpt><trkpt lat="23.466691" lon="120.92698"><ele>2984.0</ele><time>2023-09-11T00:02:57Z</time></trkpt><trkpt lat="23.466681" lon="120.927029"><ele>2985.0</ele><time>2023-09-11T00:03:03Z</time></trkpt><trkpt lat="23.46666" lon="120.927055"><ele>2985.0</ele><time>2023-09-11T00:03:06Z</time></trkpt><trkpt lat="23.4666" lon="120.927072"><ele>2990.0</ele><time>2023-09-11T00:03:13Z</time></trkpt><trkpt lat="23.466544" lon="120.927109"><ele>2992.0</ele><time>2023-09-11T00:03:23Z</time></trkpt><trkpt lat="23.466524" lon="120.927154"><ele>2992.0</ele><time>2023-09-11T00:03:27Z</time></trkpt><trkpt lat="23.466459" lon="120.927219"><ele>2994.0</ele><time>2023-09-11T00:03:45Z</time></trkpt><trkpt lat="23.466426" lon="120.927295"><ele>2991.0</ele><time>2023-09-11T00:03:54Z</time></trkpt><trkpt lat="23.466401" lon="120.92732"><ele>2991.0</ele><time>2023-09-11T00:03:57Z</time></trkpt><trkpt lat="23.466367" lon="120.927331"><ele>2991.0</ele><time>2023-09-11T00:04:00Z</time></trkpt><trkpt lat="23.466322" lon="120.927383"><ele>2992.0</ele><time>2023-09-11T00:04:07Z</time></trkpt><trkpt lat="23.466251" lon="120.927524"><ele>2992.0</ele><time>2023-09-11T00:04:20Z</time></trkpt><trkpt lat="23.466213" lon="120.927636"><ele>2991.0</ele><time>2023-09-11T00:04:27Z</time></trkpt><trkpt lat="23.466126" lon="120.927706"><ele>2992.0</ele><time>2023-09-11T00:04:39Z</time></trkpt><trkpt lat="23.466116" lon="120.927757"><ele>2993.0</ele><time>2023-09-11T00:04:57Z</time></trkpt><trkpt lat="23.466127" lon="120.927885"><ele>2994.0</ele><time>2023-09-11T00:05:08Z</time></trkpt><trkpt lat="23.466108" lon="120.927923"><ele>2997.0</ele><time>2023-09-11T00:05:13Z</time></trkpt><trkpt lat="23.466112" lon="120.927953"><ele>2996.0</ele><time>2023-09-11T00:05:17Z</time></trkpt><trkpt lat="23.466099" lon="120.92799"><ele>2998.0</ele><time>2023-09-11T00:05:21Z</time></trkpt><trkpt lat="23.466013" lon="120.928098"><ele>3000.0</ele><time>2023-09-11T00:05:43Z</time></trkpt><trkpt lat="23.466" lon="120.928187"><ele>3007.0</ele><time>2023-09-11T00:05:58Z</time></trkpt><trkpt lat="23.465961" lon="120.928207"><ele>3007.2</ele><time>2023-09-11T00:06:02Z</time></trkpt><trkpt lat="23.465919" lon="120.928265"><ele>3004.0</ele><time>2023-09-11T00:06:08Z</time></trkpt><trkpt lat="23.46587" lon="120.9283"><ele>3006.0</ele><time>2023-09-11T00:06:14Z</time></trkpt><trkpt lat="23.465826" lon="120.928367"><ele>3005.0</ele><time>2023-09-11T00:06:22Z</time></trkpt><trkpt lat="23.465824" lon="120.928499"><ele>3004.0</ele><time>2023-09-11T00:06:33Z</time></trkpt><trkpt lat="23.465804" lon="120.928523"><ele>3004.0</ele><time>2023-09-11T00:06:36Z</time></trkpt><trkpt lat="23.46574" lon="120.928556"><ele>3006.0</ele><time>2023-09-11T00:06:42Z</time></trkpt><trkpt lat="23.465727" lon="120.928593"><ele>3006.0</ele><time>2023-09-11T00:06:45Z</time></trkpt><trkpt lat="23.4657" lon="120.928623"><ele>3006.0</ele><time>2023-09-11T00:06:49Z</time></trkpt><trkpt lat="23.465633" lon="120.928675"><ele>3008.0</ele><time>2023-09-11T00:07:03Z</time></trkpt><trkpt lat="23.465518" lon="120.928739"><ele>3009.0</ele><time>2023-09-11T00:07:18Z</time></trkpt><trkpt lat="23.465474" lon="120.92879"><ele>3012.0</ele><time>2023-09-11T00:07:24Z</time></trkpt><trkpt lat="23.465413" lon="120.928817"><ele>3012.0</ele><time>2023-09-11T00:07:32Z</time></trkpt><trkpt lat="23.46536" lon="120.928986"><ele>3012.0</ele><time>2023-09-11T00:07:46Z</time></trkpt><trkpt lat="23.465361" lon="120.929122"><ele>3013.4</ele><time>2023-09-11T00:07:58Z</time></trkpt><trkpt lat="23.465323" lon="120.929169"><ele>3013.0</ele><time>2023-09-11T00:08:02Z</time></trkpt><trkpt lat="23.465322" lon="120.929232"><ele>3015.0</ele><time>2023-09-11T00:08:07Z</time></trkpt><trkpt lat="23.465297" lon="120.929253"><ele>3016.0</ele><time>2023-09-11T00:08:10Z</time></trkpt><trkpt lat="23.465201" lon="120.929291"><ele>3020.0</ele><time>2023-09-11T00:08:19Z</time></trkpt><trkpt lat="23.46516" lon="120.92929"><ele>3023.0</ele><time>2023-09-11T00:08:24Z</time></trkpt><trkpt lat="23.465144" lon="120.929318"><ele>3024.0</ele><time>2023-09-11T00:08:29Z</time></trkpt><trkpt lat="23.465084" lon="120.929368"><ele>3024.0</ele><time>2023-09-11T00:08:35Z</time></trkpt><trkpt lat="23.465015" lon="120.92946"><ele>3024.0</ele><time>2023-09-11T00:08:46Z</time></trkpt><trkpt lat="23.46494" lon="120.929528"><ele>3024.0</ele><time>2023-09-11T00:08:57Z</time></trkpt><trkpt lat="23.464839" lon="120.929494"><ele>3024.0</ele><time>2023-09-11T00:09:07Z</time></trkpt><trkpt lat="23.464797" lon="120.92956"><ele>3024.0</ele><time>2023-09-11T00:09:13Z</time></trkpt><trkpt lat="23.464801" lon="120.92963"><ele>3024.0</ele><time>2023-09-11T00:09:18Z</time></trkpt><trkpt lat="23.464788" lon="120.929732"><ele>3024.0</ele><time>2023-09-11T00:09:26Z</time></trkpt><trkpt lat="23.464672" lon="120.929912"><ele>3030.0</ele><time>2023-09-11T00:09:47Z</time></trkpt><trkpt lat="23.464571" lon="120.92995"><ele>3032.0</ele><time>2023-09-11T00:10:02Z</time></trkpt><trkpt lat="23.464468" lon="120.929964"><ele>3035.0</ele><time>2023-09-11T00:10:16Z</time></trkpt><trkpt lat="23.464377" lon="120.930053"><ele>3035.0</ele><time>2023-09-11T00:10:31Z</time></trkpt><trkpt lat="23.464318" lon="120.930077"><ele>3036.0</ele><time>2023-09-11T00:10:41Z</time></trkpt><trkpt lat="23.464286" lon="120.93008"><ele>3038.0</ele><time>2023-09-11T00:10:46Z</time></trkpt><trkpt lat="23.464252" lon="120.930063"><ele>3036.0</ele><time>2023-09-11T00:10:55Z</time></trkpt><trkpt lat="23.46414" lon="120.93007"><ele>3038.0</ele><time>2023-09-11T00:11:14Z</time></trkpt><trkpt lat="23.464101" lon="120.930115"><ele>3037.0</ele><time>2023-09-11T00:11:22Z</time></trkpt><trkpt lat="23.464074" lon="120.930183"><ele>3036.0</ele><time>2023-09-11T00:11:33Z</time></trkpt><trkpt lat="23.464066" lon="120.930162"><ele>3037.0</ele><time>2023-09-11T00:11:51Z</time></trkpt><trkpt lat="23.464059" lon="120.93022"><ele>3036.0</ele><time>2023-09-11T00:12:15Z</time></trkpt><trkpt lat="23.464" lon="120.930301"><ele>3038.7</ele><time>2023-09-11T00:12:23Z</time></trkpt><trkpt lat="23.463977" lon="120.930315"><ele>3038.0</ele><time>2023-09-11T00:12:26Z</time></trkpt><trkpt lat="23.463906" lon="120.930453"><ele>3036.0</ele><time>2023-09-11T00:12:39Z</time></trkpt><trkpt lat="23.46389" lon="120.930571"><ele>3036.0</ele><time>2023-09-11T00:12:51Z</time></trkpt><trkpt lat="23.463904" lon="120.930599"><ele>3036.0</ele><time>2023-09-11T00:23:24Z</time></trkpt><trkpt lat="23.463942" lon="120.930617"><ele>3037.0</ele><time>2023-09-11T00:24:25Z</time></trkpt><trkpt lat="23.464008" lon="120.930624"><ele>3036.0</ele><time>2023-09-11T00:24:38Z</time></trkpt><trkpt lat="23.464038" lon="120.930607"><ele>3036.0</ele><time>2023-09-11T00:24:42Z</time></trkpt><trkpt lat="23.46407" lon="120.930609"><ele>3039.0</ele><time>2023-09-11T00:24:46Z</time></trkpt><trkpt lat="23.464101" lon="120.930629"><ele>3040.0</ele><time>2023-09-11T00:24:51Z</time></trkpt><trkpt lat="23.464114" lon="120.930699"><ele>3038.0</ele><time>2023-09-11T00:25:01Z</time></trkpt><trkpt lat="23.464104" lon="120.930728"><ele>3039.0</ele><time>2023-09-11T00:25:06Z</time></trkpt><trkpt lat="23.464122" lon="120.930762"><ele>3039.0</ele><time>2023-09-11T00:25:10Z</time></trkpt><trkpt lat="23.464235" lon="120.930843"><ele>3040.0</ele><time>2023-09-11T00:25:42Z</time></trkpt><trkpt lat="23.464355" lon="120.930848"><ele>3043.0</ele><time>2023-09-11T00:25:54Z</time></trkpt><trkpt lat="23.464383" lon="120.93088"><ele>3044.0</ele><time>2023-09-11T00:25:57Z</time></trkpt><trkpt lat="23.464434" lon="120.931051"><ele>3049.0</ele><time>2023-09-11T00:26:09Z</time></trkpt><trkpt lat="23.464476" lon="120.93108"><ele>3046.0</ele><time>2023-09-11T00:26:14Z</time></trkpt><trkpt lat="23.464603" lon="120.931122"><ele>3040.0</ele><time>2023-09-11T00:26:25Z</time></trkpt><trkpt lat="23.464626" lon="120.931151"><ele>3042.0</ele><time>2023-09-11T00:26:28Z</time></trkpt><trkpt lat="23.464674" lon="120.931282"><ele>3040.0</ele><time>2023-09-11T00:26:42Z</time></trkpt><trkpt lat="23.464655" lon="120.931352"><ele>3042.0</ele><time>2023-09-11T00:26:49Z</time></trkpt><trkpt lat="23.464641" lon="120.931395"><ele>3043.0</ele><time>2023-09-11T00:26:55Z</time></trkpt><trkpt lat="23.464529" lon="120.931458"><ele>3050.0</ele><time>2023-09-11T00:27:13Z</time></trkpt><trkpt lat="23.464517" lon="120.931498"><ele>3050.0</ele><time>2023-09-11T00:27:19Z</time></trkpt><trkpt lat="23.464661" lon="120.93157"><ele>3045.0</ele><time>2023-09-11T00:27:34Z</time></trkpt><trkpt lat="23.464719" lon="120.931622"><ele>3046.0</ele><time>2023-09-11T00:27:40Z</time></trkpt><trkpt lat="23.464749" lon="120.931742"><ele>3044.0</ele><time>2023-09-11T00:27:50Z</time></trkpt><trkpt lat="23.464795" lon="120.931815"><ele>3040.0</ele><time>2023-09-11T00:27:57Z</time></trkpt><trkpt lat="23.464836" lon="120.931812"><ele>3031.0</ele><time>2023-09-11T00:28:06Z</time></trkpt><trkpt lat="23.464845" lon="120.931846"><ele>3045.0</ele><time>2023-09-11T00:28:16Z</time></trkpt><trkpt lat="23.464887" lon="120.931835"><ele>3048.0</ele><time>2023-09-11T00:28:28Z</time></trkpt><trkpt lat="23.464899" lon="120.931858"><ele>3045.0</ele><time>2023-09-11T00:28:30Z</time></trkpt><trkpt lat="23.46495" lon="120.931894"><ele>3038.0</ele><time>2023-09-11T00:28:41Z</time></trkpt><trkpt lat="23.464986" lon="120.931859"><ele>3039.0</ele><time>2023-09-11T00:28:59Z</time></trkpt><trkpt lat="23.46504" lon="120.931863"><ele>3053.0</ele><time>2023-09-11T00:29:18Z</time></trkpt><trkpt lat="23.465007" lon="120.931896"><ele>3056.0</ele><time>2023-09-11T00:29:24Z</time></trkpt><trkpt lat="23.465044" lon="120.931915"><ele>3051.0</ele><time>2023-09-11T00:29:44Z</time></trkpt><trkpt lat="23.465067" lon="120.931853"><ele>3070.0</ele><time>2023-09-11T00:30:10Z</time></trkpt><trkpt lat="23.465125" lon="120.931872"><ele>3060.0</ele><time>2023-09-11T00:30:25Z</time></trkpt><trkpt lat="23.465118" lon="120.931809"><ele>3067.0</ele><time>2023-09-11T00:30:38Z</time></trkpt><trkpt lat="23.465097" lon="120.931825"><ele>3083.0</ele><time>2023-09-11T00:30:58Z</time></trkpt><trkpt lat="23.465157" lon="120.931814"><ele>3075.0</ele><time>2023-09-11T00:31:09Z</time></trkpt><trkpt lat="23.465218" lon="120.931713"><ele>3084.0</ele><time>2023-09-11T00:31:52Z</time></trkpt><trkpt lat="23.46524" lon="120.931789"><ele>3081.0</ele><time>2023-09-11T00:32:05Z</time></trkpt><trkpt lat="23.465238" lon="120.931822"><ele>3088.0</ele><time>2023-09-11T00:32:10Z</time></trkpt><trkpt lat="23.465193" lon="120.93187"><ele>3088.0</ele><time>2023-09-11T00:32:18Z</time></trkpt><trkpt lat="23.465188" lon="120.931904"><ele>3090.0</ele><time>2023-09-11T00:32:21Z</time></trkpt><trkpt lat="23.465221" lon="120.931919"><ele>3088.0</ele><time>2023-09-11T00:32:24Z</time></trkpt><trkpt lat="23.465256" lon="120.931916"><ele>3089.0</ele><time>2023-09-11T00:32:29Z</time></trkpt><trkpt lat="23.465374" lon="120.931971"><ele>3101.0</ele><time>2023-09-11T00:32:52Z</time></trkpt><trkpt lat="23.465427" lon="120.931965"><ele>3096.0</ele><time>2023-09-11T00:33:10Z</time></trkpt><trkpt lat="23.465497" lon="120.93198"><ele>3100.0</ele><time>2023-09-11T00:33:18Z</time></trkpt><trkpt lat="23.465615" lon="120.932048"><ele>3112.2</ele><time>2023-09-11T00:33:40Z</time></trkpt><trkpt lat="23.46565" lon="120.932112"><ele>3114.0</ele><time>2023-09-11T00:33:53Z</time></trkpt><trkpt lat="23.465708" lon="120.932133"><ele>3114.0</ele><time>2023-09-11T00:33:57Z</time></trkpt><trkpt lat="23.465803" lon="120.932213"><ele>3116.4</ele><time>2023-09-11T00:34:31Z</time></trkpt><trkpt lat="23.465936" lon="120.932206"><ele>3117.0</ele><time>2023-09-11T00:34:41Z</time></trkpt><trkpt lat="23.465994" lon="120.932237"><ele>3120.0</ele><time>2023-09-11T00:34:48Z</time></trkpt><trkpt lat="23.466104" lon="120.932234"><ele>3117.0</ele><time>2023-09-11T00:34:59Z</time></trkpt><trkpt lat="23.466133" lon="120.932258"><ele>3116.0</ele><time>2023-09-11T00:35:03Z</time></trkpt><trkpt lat="23.466161" lon="120.93233"><ele>3123.0</ele><time>2023-09-11T00:35:10Z</time></trkpt><trkpt lat="23.466165" lon="120.93237"><ele>3124.0</ele><time>2023-09-11T00:35:15Z</time></trkpt><trkpt lat="23.466148" lon="120.932401"><ele>3127.0</ele><time>2023-09-11T00:35:19Z</time></trkpt><trkpt lat="23.466107" lon="120.932415"><ele>3121.0</ele><time>2023-09-11T00:35:33Z</time></trkpt><trkpt lat="23.466088" lon="120.93246"><ele>3124.0</ele><time>2023-09-11T00:35:48Z</time></trkpt><trkpt lat="23.466167" lon="120.932538"><ele>3114.0</ele><time>2023-09-11T00:36:07Z</time></trkpt><trkpt lat="23.466192" lon="120.932536"><ele>3114.0</ele><time>2023-09-11T00:36:08Z</time></trkpt><trkpt lat="23.466247" lon="120.93257"><ele>3116.0</ele><time>2023-09-11T00:36:14Z</time></trkpt><trkpt lat="23.466437" lon="120.932649"><ele>3120.0</ele><time>2023-09-11T00:36:30Z</time></trkpt><trkpt lat="23.46655" lon="120.932633"><ele>3125.0</ele><time>2023-09-11T00:36:42Z</time></trkpt><trkpt lat="23.466619" lon="120.932677"><ele>3129.0</ele><time>2023-09-11T00:36:49Z</time></trkpt><trkpt lat="23.466715" lon="120.932676"><ele>3126.0</ele><time>2023-09-11T00:36:58Z</time></trkpt><trkpt lat="23.466717" lon="120.932705"><ele>3130.0</ele><time>2023-09-11T00:37:10Z</time></trkpt><trkpt lat="23.466749" lon="120.932688"><ele>3129.0</ele><time>2023-09-11T00:37:17Z</time></trkpt><trkpt lat="23.466898" lon="120.932677"><ele>3126.0</ele><time>2023-09-11T00:37:28Z</time></trkpt><trkpt lat="23.466969" lon="120.932723"><ele>3124.0</ele><time>2023-09-11T00:37:35Z</time></trkpt><trkpt lat="23.46697" lon="120.932807"><ele>3141.0</ele><time>2023-09-11T00:37:47Z</time></trkpt><trkpt lat="23.466985" lon="120.93281"><ele>3145.0</ele><time>2023-09-11T00:37:52Z</time></trkpt><trkpt lat="23.466954" lon="120.932836"><ele>3141.0</ele><time>2023-09-11T00:38:01Z</time></trkpt><trkpt lat="23.466936" lon="120.932876"><ele>3138.0</ele><time>2023-09-11T00:38:05Z</time></trkpt><trkpt lat="23.466944" lon="120.932986"><ele>3141.0</ele><time>2023-09-11T00:38:14Z</time></trkpt><trkpt lat="23.466999" lon="120.933079"><ele>3139.0</ele><time>2023-09-11T00:38:21Z</time></trkpt><trkpt lat="23.46703" lon="120.933095"><ele>3136.0</ele><time>2023-09-11T00:38:25Z</time></trkpt><trkpt lat="23.467079" lon="120.93309"><ele>3129.0</ele><time>2023-09-11T00:38:32Z</time></trkpt><trkpt lat="23.46709" lon="120.933128"><ele>3134.0</ele><time>2023-09-11T00:38:38Z</time></trkpt><trkpt lat="23.467131" lon="120.933141"><ele>3137.4</ele><time>2023-09-11T00:38:43Z</time></trkpt><trkpt lat="23.467163" lon="120.933197"><ele>3137.0</ele><time>2023-09-11T00:38:49Z</time></trkpt><trkpt lat="23.467129" lon="120.933221"><ele>3140.0</ele><time>2023-09-11T00:38:56Z</time></trkpt><trkpt lat="23.467135" lon="120.933276"><ele>3147.0</ele><time>2023-09-11T00:39:06Z</time></trkpt><trkpt lat="23.467123" lon="120.933351"><ele>3150.0</ele><time>2023-09-11T00:39:15Z</time></trkpt><trkpt lat="23.467133" lon="120.933421"><ele>3152.0</ele><time>2023-09-11T00:39:24Z</time></trkpt><trkpt lat="23.467169" lon="120.933502"><ele>3152.0</ele><time>2023-09-11T00:39:29Z</time></trkpt><trkpt lat="23.467185" lon="120.933566"><ele>3150.0</ele><time>2023-09-11T00:39:34Z</time></trkpt><trkpt lat="23.46718" lon="120.933643"><ele>3147.0</ele><time>2023-09-11T00:39:40Z</time></trkpt><trkpt lat="23.467191" lon="120.933675"><ele>3146.0</ele><time>2023-09-11T00:39:43Z</time></trkpt><trkpt lat="23.467248" lon="120.933715"><ele>3146.0</ele><time>2023-09-11T00:39:47Z</time></trkpt><trkpt lat="23.467345" lon="120.933753"><ele>3146.0</ele><time>2023-09-11T00:39:54Z</time></trkpt><trkpt lat="23.46739" lon="120.933801"><ele>3146.0</ele><time>2023-09-11T00:39:59Z</time></trkpt><trkpt lat="23.467382" lon="120.933842"><ele>3148.0</ele><time>2023-09-11T00:40:01Z</time></trkpt><trkpt lat="23.467303" lon="120.933916"><ele>3148.0</ele><time>2023-09-11T00:40:13Z</time></trkpt><trkpt lat="23.467289" lon="120.933959"><ele>3147.0</ele><time>2023-09-11T00:40:17Z</time></trkpt><trkpt lat="23.467288" lon="120.934032"><ele>3144.0</ele><time>2023-09-11T00:40:26Z</time></trkpt><trkpt lat="23.467257" lon="120.934095"><ele>3146.0</ele><time>2023-09-11T00:40:34Z</time></trkpt><trkpt lat="23.46726" lon="120.934132"><ele>3146.0</ele><time>2023-09-11T00:40:37Z</time></trkpt><trkpt lat="23.467287" lon="120.934201"><ele>3147.0</ele><time>2023-09-11T00:40:43Z</time></trkpt><trkpt lat="23.467357" lon="120.934274"><ele>3144.0</ele><time>2023-09-11T00:40:49Z</time></trkpt><trkpt lat="23.46737" lon="120.93431"><ele>3144.0</ele><time>2023-09-11T00:40:52Z</time></trkpt><trkpt lat="23.467358" lon="120.934382"><ele>3150.0</ele><time>2023-09-11T00:40:58Z</time></trkpt><trkpt lat="23.467344" lon="120.934411"><ele>3152.0</ele><time>2023-09-11T00:41:02Z</time></trkpt><trkpt lat="23.467309" lon="120.934435"><ele>3152.0</ele><time>2023-09-11T00:41:07Z</time></trkpt><trkpt lat="23.467233" lon="120.934429"><ele>3150.0</ele><time>2023-09-11T00:41:24Z</time></trkpt><trkpt lat="23.467227" lon="120.934484"><ele>3152.0</ele><time>2023-09-11T00:41:40Z</time></trkpt><trkpt lat="23.467145" lon="120.934646"><ele>3154.1</ele><time>2023-09-11T00:41:52Z</time></trkpt><trkpt lat="23.467051" lon="120.93469"><ele>3153.0</ele><time>2023-09-11T00:42:01Z</time></trkpt><trkpt lat="23.467012" lon="120.93475"><ele>3150.0</ele><time>2023-09-11T00:42:09Z</time></trkpt><trkpt lat="23.466952" lon="120.934781"><ele>3150.0</ele><time>2023-09-11T00:42:20Z</time></trkpt><trkpt lat="23.466804" lon="120.93502"><ele>3148.0</ele><time>2023-09-11T00:43:10Z</time></trkpt><trkpt lat="23.466787" lon="120.935058"><ele>3147.0</ele><time>2023-09-11T00:43:13Z</time></trkpt><trkpt lat="23.466774" lon="120.935137"><ele>3149.0</ele><time>2023-09-11T00:43:21Z</time></trkpt><trkpt lat="23.466756" lon="120.935166"><ele>3150.0</ele><time>2023-09-11T00:43:26Z</time></trkpt><trkpt lat="23.466771" lon="120.935193"><ele>3150.0</ele><time>2023-09-11T00:43:30Z</time></trkpt><trkpt lat="23.466893" lon="120.935268"><ele>3150.0</ele><time>2023-09-11T00:43:50Z</time></trkpt><trkpt lat="23.467113" lon="120.935456"><ele>3164.0</ele><time>2023-09-11T00:44:25Z</time></trkpt><trkpt lat="23.467249" lon="120.935508"><ele>3165.0</ele><time>2023-09-11T00:44:39Z</time></trkpt><trkpt lat="23.467325" lon="120.935548"><ele>3165.0</ele><time>2023-09-11T00:44:47Z</time></trkpt><trkpt lat="23.467356" lon="120.935552"><ele>3168.0</ele><time>2023-09-11T00:44:52Z</time></trkpt><trkpt lat="23.467412" lon="120.9356"><ele>3172.0</ele><time>2023-09-11T00:44:59Z</time></trkpt><trkpt lat="23.467448" lon="120.935616"><ele>3168.0</ele><time>2023-09-11T00:45:04Z</time></trkpt><trkpt lat="23.467536" lon="120.935617"><ele>3174.0</ele><time>2023-09-11T00:45:15Z</time></trkpt><trkpt lat="23.467799" lon="120.93576"><ele>3174.0</ele><time>2023-09-11T00:45:44Z</time></trkpt><trkpt lat="23.467867" lon="120.935857"><ele>3172.0</ele><time>2023-09-11T00:45:53Z</time></trkpt><trkpt lat="23.467925" lon="120.93589"><ele>3174.0</ele><time>2023-09-11T00:45:59Z</time></trkpt><trkpt lat="23.467965" lon="120.935943"><ele>3176.0</ele><time>2023-09-11T00:46:05Z</time></trkpt><trkpt lat="23.468138" lon="120.936068"><ele>3176.0</ele><time>2023-09-11T00:46:23Z</time></trkpt><trkpt lat="23.468169" lon="120.936148"><ele>3177.0</ele><time>2023-09-11T00:46:32Z</time></trkpt><trkpt lat="23.468199" lon="120.936166"><ele>3180.0</ele><time>2023-09-11T00:46:36Z</time></trkpt><trkpt lat="23.468271" lon="120.936173"><ele>3180.0</ele><time>2023-09-11T00:46:42Z</time></trkpt><trkpt lat="23.468302" lon="120.936202"><ele>3180.0</ele><time>2023-09-11T00:46:46Z</time></trkpt><trkpt lat="23.468375" lon="120.936182"><ele>3180.0</ele><time>2023-09-11T00:46:53Z</time></trkpt><trkpt lat="23.468444" lon="120.936207"><ele>3182.9</ele><time>2023-09-11T00:46:58Z</time></trkpt><trkpt lat="23.468482" lon="120.936253"><ele>3184.0</ele><time>2023-09-11T00:47:03Z</time></trkpt><trkpt lat="23.468515" lon="120.936252"><ele>3184.0</ele><time>2023-09-11T00:47:07Z</time></trkpt><trkpt lat="23.468549" lon="120.936226"><ele>3185.0</ele><time>2023-09-11T00:47:11Z</time></trkpt><trkpt lat="23.468584" lon="120.936231"><ele>3186.0</ele><time>2023-09-11T00:47:17Z</time></trkpt><trkpt lat="23.468642" lon="120.936266"><ele>3188.0</ele><time>2023-09-11T00:47:26Z</time></trkpt><trkpt lat="23.468657" lon="120.936303"><ele>3190.0</ele><time>2023-09-11T00:47:29Z</time></trkpt><trkpt lat="23.468655" lon="120.936341"><ele>3188.0</ele><time>2023-09-11T00:47:32Z</time></trkpt><trkpt lat="23.468632" lon="120.936403"><ele>3192.0</ele><time>2023-09-11T00:47:38Z</time></trkpt><trkpt lat="23.468606" lon="120.936431"><ele>3192.0</ele><time>2023-09-11T00:47:41Z</time></trkpt><trkpt lat="23.46859" lon="120.936505"><ele>3192.0</ele><time>2023-09-11T00:47:45Z</time></trkpt><trkpt lat="23.468561" lon="120.936553"><ele>3192.0</ele><time>2023-09-11T00:47:51Z</time></trkpt><trkpt lat="23.468563" lon="120.936588"><ele>3189.0</ele><time>2023-09-11T00:47:54Z</time></trkpt><trkpt lat="23.468597" lon="120.936691"><ele>3186.0</ele><time>2023-09-11T00:48:02Z</time></trkpt><trkpt lat="23.468647" lon="120.936775"><ele>3183.0</ele><time>2023-09-11T00:48:09Z</time></trkpt><trkpt lat="23.468703" lon="120.936912"><ele>3182.0</ele><time>2023-09-11T00:48:19Z</time></trkpt><trkpt lat="23.468741" lon="120.936961"><ele>3183.0</ele><time>2023-09-11T00:48:23Z</time></trkpt><trkpt lat="23.468815" lon="120.937093"><ele>3184.0</ele><time>2023-09-11T00:48:35Z</time></trkpt><trkpt lat="23.468871" lon="120.937214"><ele>3186.0</ele><time>2023-09-11T00:48:46Z</time></trkpt><trkpt lat="23.468884" lon="120.937283"><ele>3186.0</ele><time>2023-09-11T00:48:51Z</time></trkpt><trkpt lat="23.468913" lon="120.93731"><ele>3187.0</ele><time>2023-09-11T00:48:54Z</time></trkpt><trkpt lat="23.468975" lon="120.937343"><ele>3186.0</ele><time>2023-09-11T00:49:01Z</time></trkpt><trkpt lat="23.468993" lon="120.937403"><ele>3190.0</ele><time>2023-09-11T00:49:06Z</time></trkpt><trkpt lat="23.468985" lon="120.937483"><ele>3190.0</ele><time>2023-09-11T00:49:14Z</time></trkpt><trkpt lat="23.469038" lon="120.937574"><ele>3192.0</ele><time>2023-09-11T00:49:21Z</time></trkpt><trkpt lat="23.469068" lon="120.937672"><ele>3192.0</ele><time>2023-09-11T00:49:29Z</time></trkpt><trkpt lat="23.469129" lon="120.937713"><ele>3192.0</ele><time>2023-09-11T00:49:35Z</time></trkpt><trkpt lat="23.469145" lon="120.93783"><ele>3194.0</ele><time>2023-09-11T00:49:45Z</time></trkpt><trkpt lat="23.469167" lon="120.937863"><ele>3195.0</ele><time>2023-09-11T00:49:48Z</time></trkpt><trkpt lat="23.46918" lon="120.938041"><ele>3199.2</ele><time>2023-09-11T00:50:00Z</time></trkpt><trkpt lat="23.469161" lon="120.938082"><ele>3200.0</ele><time>2023-09-11T00:50:05Z</time></trkpt><trkpt lat="23.469166" lon="120.938118"><ele>3201.0</ele><time>2023-09-11T00:50:09Z</time></trkpt><trkpt lat="23.469229" lon="120.938298"><ele>3200.0</ele><time>2023-09-11T00:50:25Z</time></trkpt><trkpt lat="23.469185" lon="120.938587"><ele>3205.0</ele><time>2023-09-11T00:51:00Z</time></trkpt><trkpt lat="23.469095" lon="120.93872"><ele>3207.0</ele><time>2023-09-11T00:51:17Z</time></trkpt><trkpt lat="23.469045" lon="120.938768"><ele>3210.0</ele><time>2023-09-11T00:51:24Z</time></trkpt><trkpt lat="23.469032" lon="120.938808"><ele>3210.0</ele><time>2023-09-11T00:51:27Z</time></trkpt><trkpt lat="23.468921" lon="120.938977"><ele>3212.0</ele><time>2023-09-11T00:51:45Z</time></trkpt><trkpt lat="23.468885" lon="120.939002"><ele>3212.0</ele><time>2023-09-11T00:51:48Z</time></trkpt><trkpt lat="23.46884" lon="120.939066"><ele>3213.0</ele><time>2023-09-11T00:51:55Z</time></trkpt><trkpt lat="23.468764" lon="120.939134"><ele>3213.0</ele><time>2023-09-11T00:52:03Z</time></trkpt><trkpt lat="23.468701" lon="120.939176"><ele>3213.0</ele><time>2023-09-11T00:52:09Z</time></trkpt><trkpt lat="23.468661" lon="120.939242"><ele>3213.0</ele><time>2023-09-11T00:52:14Z</time></trkpt><trkpt lat="23.468477" lon="120.93939"><ele>3213.0</ele><time>2023-09-11T00:52:36Z</time></trkpt><trkpt lat="23.468359" lon="120.939542"><ele>3213.0</ele><time>2023-09-11T00:52:52Z</time></trkpt><trkpt lat="23.468139" lon="120.939657"><ele>3211.0</ele><time>2023-09-11T00:53:12Z</time></trkpt><trkpt lat="23.468094" lon="120.939666"><ele>3208.0</ele><time>2023-09-11T00:53:20Z</time></trkpt><trkpt lat="23.467987" lon="120.939726"><ele>3207.0</ele><time>2023-09-11T00:53:39Z</time></trkpt><trkpt lat="23.467952" lon="120.939779"><ele>3206.0</ele><time>2023-09-11T00:53:45Z</time></trkpt><trkpt lat="23.467912" lon="120.939804"><ele>3205.0</ele><time>2023-09-11T00:53:49Z</time></trkpt><trkpt lat="23.467868" lon="120.939799"><ele>3204.0</ele><time>2023-09-11T00:53:56Z</time></trkpt><trkpt lat="23.467799" lon="120.939833"><ele>3204.0</ele><time>2023-09-11T00:54:04Z</time></trkpt><trkpt lat="23.467773" lon="120.939833"><ele>3202.0</ele><time>2023-09-11T00:54:06Z</time></trkpt><trkpt lat="23.467718" lon="120.939868"><ele>3202.0</ele><time>2023-09-11T00:54:11Z</time></trkpt><trkpt lat="23.467653" lon="120.93988"><ele>3204.0</ele><time>2023-09-11T00:54:17Z</time></trkpt><trkpt lat="23.467558" lon="120.939935"><ele>3204.0</ele><time>2023-09-11T00:54:26Z</time></trkpt><trkpt lat="23.467468" lon="120.940015"><ele>3201.0</ele><time>2023-09-11T00:54:34Z</time></trkpt><trkpt lat="23.467438" lon="120.940026"><ele>3201.0</ele><time>2023-09-11T00:54:36Z</time></trkpt><trkpt lat="23.467372" lon="120.940018"><ele>3204.0</ele><time>2023-09-11T00:54:49Z</time></trkpt><trkpt lat="23.467313" lon="120.940036"><ele>3204.0</ele><time>2023-09-11T00:54:57Z</time></trkpt><trkpt lat="23.467285" lon="120.940058"><ele>3204.0</ele><time>2023-09-11T00:55:00Z</time></trkpt><trkpt lat="23.4672" lon="120.940094"><ele>3204.0</ele><time>2023-09-11T00:55:09Z</time></trkpt><trkpt lat="23.46716" lon="120.940169"><ele>3206.0</ele><time>2023-09-11T00:55:18Z</time></trkpt><trkpt lat="23.467076" lon="120.940227"><ele>3207.0</ele><time>2023-09-11T00:55:30Z</time></trkpt><trkpt lat="23.466999" lon="120.940249"><ele>3208.0</ele><time>2023-09-11T00:55:38Z</time></trkpt><trkpt lat="23.466937" lon="120.940253"><ele>3208.0</ele><time>2023-09-11T00:55:46Z</time></trkpt><trkpt lat="23.466904" lon="120.940269"><ele>3210.0</ele><time>2023-09-11T00:55:50Z</time></trkpt><trkpt lat="23.466814" lon="120.94041"><ele>3210.0</ele><time>2023-09-11T00:56:17Z</time></trkpt><trkpt lat="23.466786" lon="120.940426"><ele>3210.0</ele><time>2023-09-11T00:56:23Z</time></trkpt><trkpt lat="23.466727" lon="120.940524"><ele>3213.0</ele><time>2023-09-11T00:56:48Z</time></trkpt><trkpt lat="23.466712" lon="120.940596"><ele>3216.0</ele><time>2023-09-11T00:56:58Z</time></trkpt><trkpt lat="23.466727" lon="120.940632"><ele>3216.0</ele><time>2023-09-11T00:57:04Z</time></trkpt><trkpt lat="23.466737" lon="120.940761"><ele>3218.0</ele><time>2023-09-11T00:57:17Z</time></trkpt><trkpt lat="23.466727" lon="120.94083"><ele>3219.0</ele><time>2023-09-11T00:57:24Z</time></trkpt><trkpt lat="23.466737" lon="120.940959"><ele>3221.0</ele><time>2023-09-11T00:57:38Z</time></trkpt><trkpt lat="23.466726" lon="120.941029"><ele>3222.0</ele><time>2023-09-11T00:57:43Z</time></trkpt><trkpt lat="23.466695" lon="120.94108"><ele>3223.0</ele><time>2023-09-11T00:57:47Z</time></trkpt><trkpt lat="23.466555" lon="120.941065"><ele>3231.0</ele><time>2023-09-11T00:57:58Z</time></trkpt><trkpt lat="23.466453" lon="120.941089"><ele>3230.0</ele><time>2023-09-11T00:58:06Z</time></trkpt><trkpt lat="23.466418" lon="120.941111"><ele>3230.0</ele><time>2023-09-11T00:58:10Z</time></trkpt><trkpt lat="23.466365" lon="120.941169"><ele>3230.0</ele><time>2023-09-11T00:58:15Z</time></trkpt><trkpt lat="23.466301" lon="120.941173"><ele>3232.0</ele><time>2023-09-11T00:58:24Z</time></trkpt><trkpt lat="23.46627" lon="120.941193"><ele>3231.0</ele><time>2023-09-11T00:58:27Z</time></trkpt><trkpt lat="23.466231" lon="120.941255"><ele>3228.0</ele><time>2023-09-11T00:58:32Z</time></trkpt><trkpt lat="23.466174" lon="120.941314"><ele>3232.0</ele><time>2023-09-11T00:58:37Z</time></trkpt><trkpt lat="23.466027" lon="120.941413"><ele>3236.0</ele><time>2023-09-11T00:58:58Z</time></trkpt><trkpt lat="23.465988" lon="120.941423"><ele>3237.0</ele><time>2023-09-11T00:59:01Z</time></trkpt><trkpt lat="23.465846" lon="120.94143"><ele>3234.0</ele><time>2023-09-11T00:59:14Z</time></trkpt><trkpt lat="23.465813" lon="120.941424"><ele>3236.0</ele><time>2023-09-11T00:59:18Z</time></trkpt><trkpt lat="23.465781" lon="120.941404"><ele>3234.0</ele><time>2023-09-11T00:59:21Z</time></trkpt><trkpt lat="23.465683" lon="120.941382"><ele>3234.2</ele><time>2023-09-11T00:59:31Z</time></trkpt><trkpt lat="23.46555" lon="120.941368"><ele>3234.0</ele><time>2023-09-11T00:59:45Z</time></trkpt><trkpt lat="23.465452" lon="120.941386"><ele>3240.0</ele><time>2023-09-11T01:00:03Z</time></trkpt><trkpt lat="23.46542" lon="120.941407"><ele>3240.0</ele><time>2023-09-11T01:00:07Z</time></trkpt><trkpt lat="23.465355" lon="120.941515"><ele>3238.0</ele><time>2023-09-11T01:00:17Z</time></trkpt><trkpt lat="23.465283" lon="120.941582"><ele>3238.0</ele><time>2023-09-11T01:00:26Z</time></trkpt><trkpt lat="23.465222" lon="120.941732"><ele>3238.0</ele><time>2023-09-11T01:00:37Z</time></trkpt><trkpt lat="23.465178" lon="120.94178"><ele>3240.0</ele><time>2023-09-11T01:00:42Z</time></trkpt><trkpt lat="23.465151" lon="120.94186"><ele>3240.0</ele><time>2023-09-11T01:00:48Z</time></trkpt><trkpt lat="23.465016" lon="120.942078"><ele>3240.0</ele><time>2023-09-11T01:01:20Z</time></trkpt><trkpt lat="23.465039" lon="120.942109"><ele>3239.0</ele><time>2023-09-11T01:01:23Z</time></trkpt><trkpt lat="23.465095" lon="120.942139"><ele>3237.0</ele><time>2023-09-11T01:01:27Z</time></trkpt><trkpt lat="23.465143" lon="120.94219"><ele>3236.0</ele><time>2023-09-11T01:01:32Z</time></trkpt><trkpt lat="23.465155" lon="120.942221"><ele>3236.0</ele><time>2023-09-11T01:01:34Z</time></trkpt><trkpt lat="23.465153" lon="120.942285"><ele>3237.0</ele><time>2023-09-11T01:01:38Z</time></trkpt><trkpt lat="23.465161" lon="120.942314"><ele>3238.0</ele><time>2023-09-11T01:01:40Z</time></trkpt><trkpt lat="23.465197" lon="120.942367"><ele>3237.0</ele><time>2023-09-11T01:01:45Z</time></trkpt><trkpt lat="23.465193" lon="120.942482"><ele>3239.0</ele><time>2023-09-11T01:01:55Z</time></trkpt><trkpt lat="23.465177" lon="120.942504"><ele>3240.0</ele><time>2023-09-11T01:01:57Z</time></trkpt><trkpt lat="23.465145" lon="120.942524"><ele>3240.6</ele><time>2023-09-11T01:02:00Z</time></trkpt><trkpt lat="23.465147" lon="120.942569"><ele>3240.0</ele><time>2023-09-11T01:02:03Z</time></trkpt><trkpt lat="23.465188" lon="120.942647"><ele>3237.0</ele><time>2023-09-11T01:02:08Z</time></trkpt><trkpt lat="23.4652" lon="120.94271"><ele>3240.0</ele><time>2023-09-11T01:02:14Z</time></trkpt><trkpt lat="23.46523" lon="120.942738"><ele>3238.0</ele><time>2023-09-11T01:02:19Z</time></trkpt><trkpt lat="23.465285" lon="120.942844"><ele>3240.0</ele><time>2023-09-11T01:02:30Z</time></trkpt><trkpt lat="23.465269" lon="120.942906"><ele>3244.0</ele><time>2023-09-11T01:02:38Z</time></trkpt><trkpt lat="23.465212" lon="120.943017"><ele>3250.4</ele><time>2023-09-11T01:02:52Z</time></trkpt><trkpt lat="23.465075" lon="120.943114"><ele>3244.0</ele><time>2023-09-11T01:03:10Z</time></trkpt><trkpt lat="23.465057" lon="120.943147"><ele>3244.0</ele><time>2023-09-11T01:03:14Z</time></trkpt><trkpt lat="23.465057" lon="120.943178"><ele>3240.0</ele><time>2023-09-11T01:03:19Z</time></trkpt><trkpt lat="23.465016" lon="120.943282"><ele>3236.0</ele><time>2023-09-11T01:03:29Z</time></trkpt><trkpt lat="23.465041" lon="120.943343"><ele>3240.0</ele><time>2023-09-11T01:03:37Z</time></trkpt><trkpt lat="23.465148" lon="120.943482"><ele>3244.0</ele><time>2023-09-11T01:03:55Z</time></trkpt><trkpt lat="23.465167" lon="120.943536"><ele>3244.0</ele><time>2023-09-11T01:04:01Z</time></trkpt><trkpt lat="23.465143" lon="120.943645"><ele>3245.0</ele><time>2023-09-11T01:04:14Z</time></trkpt><trkpt lat="23.46517" lon="120.943715"><ele>3246.0</ele><time>2023-09-11T01:04:21Z</time></trkpt><trkpt lat="23.465168" lon="120.943761"><ele>3248.0</ele><time>2023-09-11T01:04:27Z</time></trkpt><trkpt lat="23.465201" lon="120.943792"><ele>3251.0</ele><time>2023-09-11T01:04:36Z</time></trkpt><trkpt lat="23.465217" lon="120.94377"><ele>3250.0</ele><time>2023-09-11T01:04:47Z</time></trkpt><trkpt lat="23.465312" lon="120.943831"><ele>3258.0</ele><time>2023-09-11T01:05:05Z</time></trkpt><trkpt lat="23.465395" lon="120.943906"><ele>3263.0</ele><time>2023-09-11T01:05:20Z</time></trkpt><trkpt lat="23.465372" lon="120.943971"><ele>3264.0</ele><time>2023-09-11T01:05:31Z</time></trkpt><trkpt lat="23.465343" lon="120.943983"><ele>3263.0</ele><time>2023-09-11T01:05:37Z</time></trkpt><trkpt lat="23.465378" lon="120.944013"><ele>3263.0</ele><time>2023-09-11T01:05:42Z</time></trkpt><trkpt lat="23.465436" lon="120.944011"><ele>3264.0</ele><time>2023-09-11T01:05:49Z</time></trkpt><trkpt lat="23.465608" lon="120.944057"><ele>3264.0</ele><time>2023-09-11T01:06:05Z</time></trkpt><trkpt lat="23.465645" lon="120.944049"><ele>3266.0</ele><time>2023-09-11T01:06:07Z</time></trkpt><trkpt lat="23.465706" lon="120.944077"><ele>3266.0</ele><time>2023-09-11T01:06:12Z</time></trkpt><trkpt lat="23.465761" lon="120.944081"><ele>3268.0</ele><time>2023-09-11T01:06:17Z</time></trkpt><trkpt lat="23.465706" lon="120.944256"><ele>3277.0</ele><time>2023-09-11T01:06:34Z</time></trkpt><trkpt lat="23.465667" lon="120.9443"><ele>3279.0</ele><time>2023-09-11T01:06:40Z</time></trkpt><trkpt lat="23.465635" lon="120.944317"><ele>3280.0</ele><time>2023-09-11T01:06:46Z</time></trkpt><trkpt lat="23.465621" lon="120.944359"><ele>3279.0</ele><time>2023-09-11T01:06:51Z</time></trkpt><trkpt lat="23.465583" lon="120.944411"><ele>3278.0</ele><time>2023-09-11T01:06:57Z</time></trkpt><trkpt lat="23.465566" lon="120.944467"><ele>3276.0</ele><time>2023-09-11T01:07:02Z</time></trkpt><trkpt lat="23.465517" lon="120.94451"><ele>3276.0</ele><time>2023-09-11T01:07:10Z</time></trkpt><trkpt lat="23.465494" lon="120.944544"><ele>3276.0</ele><time>2023-09-11T01:07:14Z</time></trkpt><trkpt lat="23.465456" lon="120.944643"><ele>3276.0</ele><time>2023-09-11T01:07:25Z</time></trkpt><trkpt lat="23.465418" lon="120.944711"><ele>3276.0</ele><time>2023-09-11T01:07:33Z</time></trkpt><trkpt lat="23.465384" lon="120.944817"><ele>3276.0</ele><time>2023-09-11T01:07:42Z</time></trkpt><trkpt lat="23.465395" lon="120.944881"><ele>3276.0</ele><time>2023-09-11T01:07:48Z</time></trkpt><trkpt lat="23.465367" lon="120.94495"><ele>3276.0</ele><time>2023-09-11T01:07:56Z</time></trkpt><trkpt lat="23.465336" lon="120.945077"><ele>3280.0</ele><time>2023-09-11T01:08:11Z</time></trkpt><trkpt lat="23.465335" lon="120.945122"><ele>3276.0</ele><time>2023-09-11T01:08:17Z</time></trkpt><trkpt lat="23.465353" lon="120.945156"><ele>3282.0</ele><time>2023-09-11T01:08:23Z</time></trkpt><trkpt lat="23.46531" lon="120.945264"><ele>3280.0</ele><time>2023-09-11T01:08:35Z</time></trkpt><trkpt lat="23.465293" lon="120.945282"><ele>3283.0</ele><time>2023-09-11T01:08:39Z</time></trkpt><trkpt lat="23.465322" lon="120.945327"><ele>3282.0</ele><time>2023-09-11T01:08:52Z</time></trkpt><trkpt lat="23.465325" lon="120.945364"><ele>3285.0</ele><time>2023-09-11T01:08:57Z</time></trkpt><trkpt lat="23.465325" lon="120.945519"><ele>3285.0</ele><time>2023-09-11T01:09:11Z</time></trkpt><trkpt lat="23.465309" lon="120.945603"><ele>3285.0</ele><time>2023-09-11T01:09:20Z</time></trkpt><trkpt lat="23.465324" lon="120.945802"><ele>3289.0</ele><time>2023-09-11T01:09:45Z</time></trkpt><trkpt lat="23.465346" lon="120.945866"><ele>3291.0</ele><time>2023-09-11T01:09:52Z</time></trkpt><trkpt lat="23.465401" lon="120.945964"><ele>3292.0</ele><time>2023-09-11T01:10:03Z</time></trkpt><trkpt lat="23.465445" lon="120.946013"><ele>3294.0</ele><time>2023-09-11T01:10:09Z</time></trkpt><trkpt lat="23.465431" lon="120.946101"><ele>3299.0</ele><time>2023-09-11T01:10:17Z</time></trkpt><trkpt lat="23.465435" lon="120.946151"><ele>3301.7</ele><time>2023-09-11T01:10:22Z</time></trkpt><trkpt lat="23.465418" lon="120.946215"><ele>3302.0</ele><time>2023-09-11T01:10:33Z</time></trkpt><trkpt lat="23.465451" lon="120.946203"><ele>3306.0</ele><time>2023-09-11T01:10:43Z</time></trkpt><trkpt lat="23.465461" lon="120.94617"><ele>3308.0</ele><time>2023-09-11T01:10:48Z</time></trkpt><trkpt lat="23.465524" lon="120.946095"><ele>3308.0</ele><time>2023-09-11T01:10:58Z</time></trkpt><trkpt lat="23.465534" lon="120.946053"><ele>3311.0</ele><time>2023-09-11T01:11:03Z</time></trkpt><trkpt lat="23.465501" lon="120.945936"><ele>3310.0</ele><time>2023-09-11T01:11:14Z</time></trkpt><trkpt lat="23.465519" lon="120.945847"><ele>3310.0</ele><time>2023-09-11T01:11:22Z</time></trkpt><trkpt lat="23.465518" lon="120.94568"><ele>3309.0</ele><time>2023-09-11T01:11:35Z</time></trkpt><trkpt lat="23.465538" lon="120.945619"><ele>3306.0</ele><time>2023-09-11T01:11:41Z</time></trkpt><trkpt lat="23.465541" lon="120.945575"><ele>3306.0</ele><time>2023-09-11T01:11:44Z</time></trkpt><trkpt lat="23.465562" lon="120.945544"><ele>3306.0</ele><time>2023-09-11T01:11:46Z</time></trkpt><trkpt lat="23.465583" lon="120.945451"><ele>3308.0</ele><time>2023-09-11T01:11:57Z</time></trkpt><trkpt lat="23.465607" lon="120.945392"><ele>3306.0</ele><time>2023-09-11T01:12:08Z</time></trkpt><trkpt lat="23.465626" lon="120.945425"><ele>3310.0</ele><time>2023-09-11T01:12:17Z</time></trkpt><trkpt lat="23.465648" lon="120.945605"><ele>3312.0</ele><time>2023-09-11T01:12:38Z</time></trkpt><trkpt lat="23.465647" lon="120.945697"><ele>3315.0</ele><time>2023-09-11T01:12:47Z</time></trkpt><trkpt lat="23.465662" lon="120.945744"><ele>3316.0</ele><time>2023-09-11T01:12:52Z</time></trkpt><trkpt lat="23.465685" lon="120.945992"><ele>3321.0</ele><time>2023-09-11T01:13:14Z</time></trkpt><trkpt lat="23.465727" lon="120.946092"><ele>3323.0</ele><time>2023-09-11T01:13:23Z</time></trkpt><trkpt lat="23.46575" lon="120.946273"><ele>3328.0</ele><time>2023-09-11T01:13:44Z</time></trkpt><trkpt lat="23.465813" lon="120.946126"><ele>3336.0</ele><time>2023-09-11T01:14:11Z</time></trkpt><trkpt lat="23.465817" lon="120.946052"><ele>3336.0</ele><time>2023-09-11T01:14:19Z</time></trkpt><trkpt lat="23.465832" lon="120.946018"><ele>3336.0</ele><time>2023-09-11T01:14:24Z</time></trkpt><trkpt lat="23.465818" lon="120.946049"><ele>3338.0</ele><time>2023-09-11T01:14:31Z</time></trkpt><trkpt lat="23.465841" lon="120.946107"><ele>3340.0</ele><time>2023-09-11T01:14:45Z</time></trkpt><trkpt lat="23.465915" lon="120.946208"><ele>3342.0</ele><time>2023-09-11T01:15:10Z</time></trkpt><trkpt lat="23.465937" lon="120.946292"><ele>3344.0</ele><time>2023-09-11T01:15:21Z</time></trkpt><trkpt lat="23.46597" lon="120.946315"><ele>3345.6</ele><time>2023-09-11T01:15:24Z</time></trkpt><trkpt lat="23.465988" lon="120.946359"><ele>3345.0</ele><time>2023-09-11T01:15:29Z</time></trkpt><trkpt lat="23.465965" lon="120.946423"><ele>3350.0</ele><time>2023-09-11T01:15:42Z</time></trkpt><trkpt lat="23.46597" lon="120.946453"><ele>3353.0</ele><time>2023-09-11T01:15:50Z</time></trkpt><trkpt lat="23.465943" lon="120.946482"><ele>3356.0</ele><time>2023-09-11T01:15:56Z</time></trkpt><trkpt lat="23.465863" lon="120.946534"><ele>3354.0</ele><time>2023-09-11T01:16:11Z</time></trkpt><trkpt lat="23.465849" lon="120.946566"><ele>3354.8</ele><time>2023-09-11T01:16:14Z</time></trkpt><trkpt lat="23.465842" lon="120.94665"><ele>3351.0</ele><time>2023-09-11T01:16:21Z</time></trkpt><trkpt lat="23.465817" lon="120.946714"><ele>3350.0</ele><time>2023-09-11T01:16:25Z</time></trkpt><trkpt lat="23.465786" lon="120.946747"><ele>3348.0</ele><time>2023-09-11T01:16:32Z</time></trkpt><trkpt lat="23.465737" lon="120.946847"><ele>3350.0</ele><time>2023-09-11T01:16:41Z</time></trkpt><trkpt lat="23.465719" lon="120.946949"><ele>3350.0</ele><time>2023-09-11T01:16:49Z</time></trkpt><trkpt lat="23.465748" lon="120.947025"><ele>3348.0</ele><time>2023-09-11T01:16:55Z</time></trkpt><trkpt lat="23.465749" lon="120.94706"><ele>3347.0</ele><time>2023-09-11T01:16:58Z</time></trkpt><trkpt lat="23.46574" lon="120.9471"><ele>3348.0</ele><time>2023-09-11T01:17:01Z</time></trkpt><trkpt lat="23.465703" lon="120.947154"><ele>3343.0</ele><time>2023-09-11T01:17:09Z</time></trkpt><trkpt lat="23.465696" lon="120.947205"><ele>3344.4</ele><time>2023-09-11T01:17:15Z</time></trkpt><trkpt lat="23.465663" lon="120.947247"><ele>3343.0</ele><time>2023-09-11T01:17:30Z</time></trkpt><trkpt lat="23.465678" lon="120.947374"><ele>3341.0</ele><time>2023-09-11T01:17:39Z</time></trkpt><trkpt lat="23.465662" lon="120.947421"><ele>3342.0</ele><time>2023-09-11T01:17:41Z</time></trkpt><trkpt lat="23.465661" lon="120.947458"><ele>3342.0</ele><time>2023-09-11T01:17:43Z</time></trkpt><trkpt lat="23.465712" lon="120.947522"><ele>3339.0</ele><time>2023-09-11T01:17:48Z</time></trkpt><trkpt lat="23.465733" lon="120.947567"><ele>3339.0</ele><time>2023-09-11T01:17:50Z</time></trkpt><trkpt lat="23.465733" lon="120.947688"><ele>3342.0</ele><time>2023-09-11T01:17:58Z</time></trkpt><trkpt lat="23.465743" lon="120.947728"><ele>3345.0</ele><time>2023-09-11T01:18:01Z</time></trkpt><trkpt lat="23.465803" lon="120.947812"><ele>3347.4</ele><time>2023-09-11T01:18:10Z</time></trkpt><trkpt lat="23.465827" lon="120.947871"><ele>3348.0</ele><time>2023-09-11T01:18:17Z</time></trkpt><trkpt lat="23.465815" lon="120.948009"><ele>3351.0</ele><time>2023-09-11T01:18:28Z</time></trkpt><trkpt lat="23.465793" lon="120.948089"><ele>3350.0</ele><time>2023-09-11T01:18:37Z</time></trkpt><trkpt lat="23.465726" lon="120.948189"><ele>3354.0</ele><time>2023-09-11T01:18:55Z</time></trkpt><trkpt lat="23.465664" lon="120.948244"><ele>3356.0</ele><time>2023-09-11T01:19:08Z</time></trkpt><trkpt lat="23.465673" lon="120.948316"><ele>3354.0</ele><time>2023-09-11T01:19:13Z</time></trkpt><trkpt lat="23.465656" lon="120.94838"><ele>3354.0</ele><time>2023-09-11T01:19:19Z</time></trkpt><trkpt lat="23.465677" lon="120.948485"><ele>3348.0</ele><time>2023-09-11T01:19:30Z</time></trkpt><trkpt lat="23.465756" lon="120.948549"><ele>3356.0</ele><time>2023-09-11T01:19:44Z</time></trkpt><trkpt lat="23.465969" lon="120.948551"><ele>3360.0</ele><time>2023-09-11T01:20:06Z</time></trkpt><trkpt lat="23.466083" lon="120.948627"><ele>3364.0</ele><time>2023-09-11T01:20:19Z</time></trkpt><trkpt lat="23.466113" lon="120.948636"><ele>3366.0</ele><time>2023-09-11T01:20:23Z</time></trkpt><trkpt lat="23.466144" lon="120.948685"><ele>3370.0</ele><time>2023-09-11T01:20:29Z</time></trkpt><trkpt lat="23.466074" lon="120.948801"><ele>3375.0</ele><time>2023-09-11T01:20:42Z</time></trkpt><trkpt lat="23.466072" lon="120.948835"><ele>3375.0</ele><time>2023-09-11T01:20:45Z</time></trkpt><trkpt lat="23.466121" lon="120.948902"><ele>3376.0</ele><time>2023-09-11T01:20:51Z</time></trkpt><trkpt lat="23.466228" lon="120.948938"><ele>3376.0</ele><time>2023-09-11T01:21:00Z</time></trkpt><trkpt lat="23.466268" lon="120.948998"><ele>3378.0</ele><time>2023-09-11T01:21:05Z</time></trkpt><trkpt lat="23.4663" lon="120.949024"><ele>3378.0</ele><time>2023-09-11T01:21:09Z</time></trkpt><trkpt lat="23.466373" lon="120.949114"><ele>3385.0</ele><time>2023-09-11T01:21:21Z</time></trkpt><trkpt lat="23.466404" lon="120.949129"><ele>3388.0</ele><time>2023-09-11T01:21:25Z</time></trkpt><trkpt lat="23.466486" lon="120.949134"><ele>3387.0</ele><time>2023-09-11T01:21:31Z</time></trkpt><trkpt lat="23.466514" lon="120.949146"><ele>3389.0</ele><time>2023-09-11T01:21:36Z</time></trkpt><trkpt lat="23.466526" lon="120.949189"><ele>3391.0</ele><time>2023-09-11T01:21:51Z</time></trkpt><trkpt lat="23.466645" lon="120.94917"><ele>3400.0</ele><time>2023-09-11T01:22:22Z</time></trkpt><trkpt lat="23.466554" lon="120.94923"><ele>3401.0</ele><time>2023-09-11T01:22:43Z</time></trkpt><trkpt lat="23.466566" lon="120.949337"><ele>3403.0</ele><time>2023-09-11T01:22:55Z</time></trkpt><trkpt lat="23.466561" lon="120.949408"><ele>3402.0</ele><time>2023-09-11T01:23:08Z</time></trkpt><trkpt lat="23.466542" lon="120.949441"><ele>3403.0</ele><time>2023-09-11T01:23:13Z</time></trkpt><trkpt lat="23.46653" lon="120.94952"><ele>3402.0</ele><time>2023-09-11T01:23:28Z</time></trkpt><trkpt lat="23.466666" lon="120.949512"><ele>3406.0</ele><time>2023-09-11T01:23:55Z</time></trkpt><trkpt lat="23.46667" lon="120.949556"><ele>3405.0</ele><time>2023-09-11T01:24:08Z</time></trkpt><trkpt lat="23.466475" lon="120.949784"><ele>3403.0</ele><time>2023-09-11T01:24:45Z</time></trkpt><trkpt lat="23.466498" lon="120.949721"><ele>3402.0</ele><time>2023-09-11T01:24:57Z</time></trkpt><trkpt lat="23.466367" lon="120.949789"><ele>3397.0</ele><time>2023-09-11T01:26:54Z</time></trkpt><trkpt lat="23.466431" lon="120.950029"><ele>3400.5</ele><time>2023-09-11T01:30:13Z</time></trkpt><trkpt lat="23.466282" lon="120.950042"><ele>3403.0</ele><time>2023-09-11T01:30:22Z</time></trkpt><trkpt lat="23.466249" lon="120.950082"><ele>3404.0</ele><time>2023-09-11T01:30:29Z</time></trkpt><trkpt lat="23.466285" lon="120.950145"><ele>3403.0</ele><time>2023-09-11T01:30:36Z</time></trkpt><trkpt lat="23.4664" lon="120.950229"><ele>3408.0</ele><time>2023-09-11T01:30:51Z</time></trkpt><trkpt lat="23.466366" lon="120.950417"><ele>3414.0</ele><time>2023-09-11T01:31:13Z</time></trkpt><trkpt lat="23.466329" lon="120.950472"><ele>3416.0</ele><time>2023-09-11T01:31:23Z</time></trkpt><trkpt lat="23.466319" lon="120.950505"><ele>3417.0</ele><time>2023-09-11T01:31:28Z</time></trkpt><trkpt lat="23.466341" lon="120.950566"><ele>3417.0</ele><time>2023-09-11T01:31:33Z</time></trkpt><trkpt lat="23.466346" lon="120.950638"><ele>3420.0</ele><time>2023-09-11T01:31:41Z</time></trkpt><trkpt lat="23.466308" lon="120.95072"><ele>3422.0</ele><time>2023-09-11T01:31:52Z</time></trkpt><trkpt lat="23.466297" lon="120.950815"><ele>3423.0</ele><time>2023-09-11T01:32:12Z</time></trkpt><trkpt lat="23.466275" lon="120.950878"><ele>3424.0</ele><time>2023-09-11T01:32:22Z</time></trkpt><trkpt lat="23.466281" lon="120.950909"><ele>3424.0</ele><time>2023-09-11T01:32:26Z</time></trkpt><trkpt lat="23.466255" lon="120.951014"><ele>3423.0</ele><time>2023-09-11T01:32:35Z</time></trkpt><trkpt lat="23.466145" lon="120.951162"><ele>3426.0</ele><time>2023-09-11T01:32:51Z</time></trkpt><trkpt lat="23.466102" lon="120.951261"><ele>3426.0</ele><time>2023-09-11T01:32:59Z</time></trkpt><trkpt lat="23.466053" lon="120.951509"><ele>3432.0</ele><time>2023-09-11T01:33:25Z</time></trkpt><trkpt lat="23.466087" lon="120.95156"><ele>3433.0</ele><time>2023-09-11T01:33:33Z</time></trkpt><trkpt lat="23.466204" lon="120.951436"><ele>3439.0</ele><time>2023-09-11T01:34:03Z</time></trkpt><trkpt lat="23.466197" lon="120.951534"><ele>3440.0</ele><time>2023-09-11T01:34:17Z</time></trkpt><trkpt lat="23.46621" lon="120.951595"><ele>3442.0</ele><time>2023-09-11T01:34:29Z</time></trkpt><trkpt lat="23.466321" lon="120.951466"><ele>3444.0</ele><time>2023-09-11T01:34:54Z</time></trkpt><trkpt lat="23.466311" lon="120.951527"><ele>3450.0</ele><time>2023-09-11T01:35:05Z</time></trkpt><trkpt lat="23.466265" lon="120.951635"><ele>3450.0</ele><time>2023-09-11T01:35:16Z</time></trkpt><trkpt lat="23.466279" lon="120.951695"><ele>3451.0</ele><time>2023-09-11T01:35:23Z</time></trkpt><trkpt lat="23.466302" lon="120.951723"><ele>3451.0</ele><time>2023-09-11T01:35:28Z</time></trkpt><trkpt lat="23.466335" lon="120.951695"><ele>3453.0</ele><time>2023-09-11T01:35:37Z</time></trkpt><trkpt lat="23.466387" lon="120.951622"><ele>3454.0</ele><time>2023-09-11T01:35:55Z</time></trkpt><trkpt lat="23.466382" lon="120.951676"><ele>3459.3</ele><time>2023-09-11T01:36:01Z</time></trkpt><trkpt lat="23.466408" lon="120.951848"><ele>3463.0</ele><time>2023-09-11T01:36:20Z</time></trkpt><trkpt lat="23.466403" lon="120.951908"><ele>3464.0</ele><time>2023-09-11T01:36:26Z</time></trkpt><trkpt lat="23.466417" lon="120.951991"><ele>3464.0</ele><time>2023-09-11T01:36:33Z</time></trkpt><trkpt lat="23.46646" lon="120.952121"><ele>3466.1</ele><time>2023-09-11T01:36:47Z</time></trkpt><trkpt lat="23.466411" lon="120.952202"><ele>3468.0</ele><time>2023-09-11T01:37:02Z</time></trkpt><trkpt lat="23.466426" lon="120.952276"><ele>3470.0</ele><time>2023-09-11T01:37:08Z</time></trkpt><trkpt lat="23.466426" lon="120.952351"><ele>3468.0</ele><time>2023-09-11T01:37:14Z</time></trkpt><trkpt lat="23.466364" lon="120.952402"><ele>3468.0</ele><time>2023-09-11T01:37:25Z</time></trkpt><trkpt lat="23.466351" lon="120.95243"><ele>3474.0</ele><time>2023-09-11T01:37:32Z</time></trkpt><trkpt lat="23.466347" lon="120.95249"><ele>3474.0</ele><time>2023-09-11T01:37:37Z</time></trkpt><trkpt lat="23.466357" lon="120.952559"><ele>3475.0</ele><time>2023-09-11T01:37:44Z</time></trkpt><trkpt lat="23.466396" lon="120.952628"><ele>3472.0</ele><time>2023-09-11T01:37:59Z</time></trkpt><trkpt lat="23.46642" lon="120.952602"><ele>3480.0</ele><time>2023-09-11T01:38:09Z</time></trkpt><trkpt lat="23.466449" lon="120.952528"><ele>3480.0</ele><time>2023-09-11T01:38:17Z</time></trkpt><trkpt lat="23.466483" lon="120.952513"><ele>3480.0</ele><time>2023-09-11T01:38:21Z</time></trkpt><trkpt lat="23.466534" lon="120.952517"><ele>3483.0</ele><time>2023-09-11T01:38:28Z</time></trkpt><trkpt lat="23.466506" lon="120.952566"><ele>3484.0</ele><time>2023-09-11T01:38:46Z</time></trkpt><trkpt lat="23.466528" lon="120.952587"><ele>3480.0</ele><time>2023-09-11T01:38:52Z</time></trkpt><trkpt lat="23.466642" lon="120.952609"><ele>3489.7</ele><time>2023-09-11T01:39:16Z</time></trkpt><trkpt lat="23.466711" lon="120.952604"><ele>3488.0</ele><time>2023-09-11T01:39:32Z</time></trkpt><trkpt lat="23.466697" lon="120.952704"><ele>3487.0</ele><time>2023-09-11T01:39:55Z</time></trkpt><trkpt lat="23.466727" lon="120.952724"><ele>3496.0</ele><time>2023-09-11T01:40:06Z</time></trkpt><trkpt lat="23.466813" lon="120.952681"><ele>3495.0</ele><time>2023-09-11T01:40:20Z</time></trkpt><trkpt lat="23.466769" lon="120.952832"><ele>3502.0</ele><time>2023-09-11T01:40:54Z</time></trkpt><trkpt lat="23.466744" lon="120.952836"><ele>3504.0</ele><time>2023-09-11T01:40:59Z</time></trkpt><trkpt lat="23.466676" lon="120.952901"><ele>3504.0</ele><time>2023-09-11T01:41:15Z</time></trkpt><trkpt lat="23.46662" lon="120.953049"><ele>3509.0</ele><time>2023-09-11T01:41:44Z</time></trkpt><trkpt lat="23.466684" lon="120.953034"><ele>3504.0</ele><time>2023-09-11T01:41:58Z</time></trkpt><trkpt lat="23.466593" lon="120.953238"><ele>3516.0</ele><time>2023-09-11T01:42:29Z</time></trkpt><trkpt lat="23.466725" lon="120.953176"><ele>3520.0</ele><time>2023-09-11T01:42:52Z</time></trkpt><trkpt lat="23.46676" lon="120.953178"><ele>3522.0</ele><time>2023-09-11T01:42:58Z</time></trkpt><trkpt lat="23.466788" lon="120.953163"><ele>3520.0</ele><time>2023-09-11T01:43:03Z</time></trkpt><trkpt lat="23.466882" lon="120.953155"><ele>3526.0</ele><time>2023-09-11T01:43:22Z</time></trkpt><trkpt lat="23.466926" lon="120.95314"><ele>3528.0</ele><time>2023-09-11T01:43:27Z</time></trkpt><trkpt lat="23.467" lon="120.953081"><ele>3529.0</ele><time>2023-09-11T01:43:40Z</time></trkpt><trkpt lat="23.467074" lon="120.953065"><ele>3526.0</ele><time>2023-09-11T01:44:00Z</time></trkpt><trkpt lat="23.467036" lon="120.953107"><ele>3536.0</ele><time>2023-09-11T01:44:16Z</time></trkpt><trkpt lat="23.466998" lon="120.953127"><ele>3538.0</ele><time>2023-09-11T01:44:22Z</time></trkpt><trkpt lat="23.467053" lon="120.953161"><ele>3537.0</ele><time>2023-09-11T01:44:30Z</time></trkpt><trkpt lat="23.467084" lon="120.95315"><ele>3539.0</ele><time>2023-09-11T01:44:38Z</time></trkpt><trkpt lat="23.466935" lon="120.953297"><ele>3543.0</ele><time>2023-09-11T01:45:05Z</time></trkpt><trkpt lat="23.466874" lon="120.953387"><ele>3543.0</ele><time>2023-09-11T01:45:15Z</time></trkpt><trkpt lat="23.466947" lon="120.953384"><ele>3545.0</ele><time>2023-09-11T01:45:23Z</time></trkpt><trkpt lat="23.466905" lon="120.953596"><ele>3550.0</ele><time>2023-09-11T01:45:51Z</time></trkpt><trkpt lat="23.466883" lon="120.953656"><ele>3552.0</ele><time>2023-09-11T01:46:01Z</time></trkpt><trkpt lat="23.466881" lon="120.953691"><ele>3552.0</ele><time>2023-09-11T01:46:04Z</time></trkpt><trkpt lat="23.466895" lon="120.953746"><ele>3554.0</ele><time>2023-09-11T01:46:11Z</time></trkpt><trkpt lat="23.466882" lon="120.953968"><ele>3558.0</ele><time>2023-09-11T01:46:43Z</time></trkpt><trkpt lat="23.466912" lon="120.953965"><ele>3560.0</ele><time>2023-09-11T01:46:48Z</time></trkpt><trkpt lat="23.467163" lon="120.953766"><ele>3566.0</ele><time>2023-09-11T01:47:24Z</time></trkpt><trkpt lat="23.467138" lon="120.953835"><ele>3572.0</ele><time>2023-09-11T01:47:35Z</time></trkpt><trkpt lat="23.467132" lon="120.953906"><ele>3570.0</ele><time>2023-09-11T01:47:44Z</time></trkpt><trkpt lat="23.467098" lon="120.953983"><ele>3575.0</ele><time>2023-09-11T01:47:54Z</time></trkpt><trkpt lat="23.467091" lon="120.954139"><ele>3579.0</ele><time>2023-09-11T01:48:09Z</time></trkpt><trkpt lat="23.467137" lon="120.954191"><ele>3580.0</ele><time>2023-09-11T01:48:17Z</time></trkpt><trkpt lat="23.467164" lon="120.954256"><ele>3580.0</ele><time>2023-09-11T01:48:26Z</time></trkpt><trkpt lat="23.467186" lon="120.954285"><ele>3584.0</ele><time>2023-09-11T01:48:31Z</time></trkpt><trkpt lat="23.467188" lon="120.954384"><ele>3586.0</ele><time>2023-09-11T01:48:41Z</time></trkpt><trkpt lat="23.467178" lon="120.954426"><ele>3588.1</ele><time>2023-09-11T01:48:47Z</time></trkpt><trkpt lat="23.46722" lon="120.954507"><ele>3581.0</ele><time>2023-09-11T01:49:01Z</time></trkpt><trkpt lat="23.467268" lon="120.954484"><ele>3588.0</ele><time>2023-09-11T01:49:14Z</time></trkpt><trkpt lat="23.467289" lon="120.954461"><ele>3590.0</ele><time>2023-09-11T01:49:18Z</time></trkpt><trkpt lat="23.467373" lon="120.9543"><ele>3598.0</ele><time>2023-09-11T01:49:43Z</time></trkpt><trkpt lat="23.467405" lon="120.954306"><ele>3599.0</ele><time>2023-09-11T01:49:50Z</time></trkpt><trkpt lat="23.467412" lon="120.954416"><ele>3600.0</ele><time>2023-09-11T01:50:13Z</time></trkpt><trkpt lat="23.467435" lon="120.954455"><ele>3601.0</ele><time>2023-09-11T01:50:18Z</time></trkpt><trkpt lat="23.467434" lon="120.954499"><ele>3600.0</ele><time>2023-09-11T01:50:25Z</time></trkpt><trkpt lat="23.467462" lon="120.954537"><ele>3603.0</ele><time>2023-09-11T01:50:32Z</time></trkpt><trkpt lat="23.467471" lon="120.954626"><ele>3600.0</ele><time>2023-09-11T01:50:41Z</time></trkpt><trkpt lat="23.467524" lon="120.954589"><ele>3604.0</ele><time>2023-09-11T01:50:50Z</time></trkpt><trkpt lat="23.467619" lon="120.954444"><ele>3612.0</ele><time>2023-09-11T01:51:09Z</time></trkpt><trkpt lat="23.467694" lon="120.954368"><ele>3614.0</ele><time>2023-09-11T01:51:21Z</time></trkpt><trkpt lat="23.467705" lon="120.954338"><ele>3617.3</ele><time>2023-09-11T01:51:25Z</time></trkpt><trkpt lat="23.467782" lon="120.954245"><ele>3618.0</ele><time>2023-09-11T01:51:41Z</time></trkpt><trkpt lat="23.467917" lon="120.954149"><ele>3620.0</ele><time>2023-09-11T01:52:03Z</time></trkpt><trkpt lat="23.468022" lon="120.95411"><ele>3625.0</ele><time>2023-09-11T01:52:32Z</time></trkpt><trkpt lat="23.468071" lon="120.954058"><ele>3628.0</ele><time>2023-09-11T01:52:41Z</time></trkpt><trkpt lat="23.468158" lon="120.954012"><ele>3632.0</ele><time>2023-09-11T01:52:54Z</time></trkpt><trkpt lat="23.468164" lon="120.954043"><ele>3635.0</ele><time>2023-09-11T01:53:00Z</time></trkpt><trkpt lat="23.468137" lon="120.954213"><ele>3636.0</ele><time>2023-09-11T01:53:32Z</time></trkpt><trkpt lat="23.468081" lon="120.954375"><ele>3644.0</ele><time>2023-09-11T01:53:53Z</time></trkpt><trkpt lat="23.468077" lon="120.954444"><ele>3644.0</ele><time>2023-09-11T01:53:59Z</time></trkpt><trkpt lat="23.468052" lon="120.954533"><ele>3646.0</ele><time>2023-09-11T01:54:13Z</time></trkpt><trkpt lat="23.468035" lon="120.954789"><ele>3654.0</ele><time>2023-09-11T01:54:49Z</time></trkpt><trkpt lat="23.468054" lon="120.9549"><ele>3654.0</ele><time>2023-09-11T01:55:11Z</time></trkpt><trkpt lat="23.468089" lon="120.954895"><ele>3656.0</ele><time>2023-09-11T01:55:20Z</time></trkpt><trkpt lat="23.468119" lon="120.95481"><ele>3662.0</ele><time>2023-09-11T01:55:31Z</time></trkpt><trkpt lat="23.468155" lon="120.954771"><ele>3660.0</ele><time>2023-09-11T01:55:40Z</time></trkpt><trkpt lat="23.46822" lon="120.954742"><ele>3655.0</ele><time>2023-09-11T01:55:55Z</time></trkpt><trkpt lat="23.468261" lon="120.954704"><ele>3666.0</ele><time>2023-09-11T01:59:42Z</time></trkpt><trkpt lat="23.468609" lon="120.954417"><ele>3676.0</ele><time>2023-09-11T02:01:23Z</time></trkpt><trkpt lat="23.468668" lon="120.954314"><ele>3678.0</ele><time>2023-09-11T02:01:34Z</time></trkpt><trkpt lat="23.468704" lon="120.954278"><ele>3678.0</ele><time>2023-09-11T02:01:39Z</time></trkpt><trkpt lat="23.468745" lon="120.954213"><ele>3680.0</ele><time>2023-09-11T02:01:49Z</time></trkpt><trkpt lat="23.468805" lon="120.954171"><ele>3680.0</ele><time>2023-09-11T02:01:56Z</time></trkpt><trkpt lat="23.468873" lon="120.954083"><ele>3680.0</ele><time>2023-09-11T02:02:12Z</time></trkpt><trkpt lat="23.468874" lon="120.954197"><ele>3688.0</ele><time>2023-09-11T02:02:29Z</time></trkpt><trkpt lat="23.468857" lon="120.954285"><ele>3691.0</ele><time>2023-09-11T02:02:41Z</time></trkpt><trkpt lat="23.468856" lon="120.95435"><ele>3692.0</ele><time>2023-09-11T02:02:50Z</time></trkpt><trkpt lat="23.468835" lon="120.95442"><ele>3692.0</ele><time>2023-09-11T02:02:58Z</time></trkpt><trkpt lat="23.468846" lon="120.954483"><ele>3696.0</ele><time>2023-09-11T02:03:09Z</time></trkpt><trkpt lat="23.468833" lon="120.95463"><ele>3698.1</ele><time>2023-09-11T02:03:31Z</time></trkpt><trkpt lat="23.468756" lon="120.954857"><ele>3705.0</ele><time>2023-09-11T02:04:23Z</time></trkpt><trkpt lat="23.468724" lon="120.955063"><ele>3708.0</ele><time>2023-09-11T02:04:49Z</time></trkpt><trkpt lat="23.46866" lon="120.955229"><ele>3712.0</ele><time>2023-09-11T02:05:07Z</time></trkpt><trkpt lat="23.468801" lon="120.955134"><ele>3715.0</ele><time>2023-09-11T02:05:50Z</time></trkpt><trkpt lat="23.468847" lon="120.955086"><ele>3718.0</ele><time>2023-09-11T02:05:56Z</time></trkpt><trkpt lat="23.46895" lon="120.954934"><ele>3720.0</ele><time>2023-09-11T02:06:14Z</time></trkpt><trkpt lat="23.469046" lon="120.954873"><ele>3720.0</ele><time>2023-09-11T02:06:27Z</time></trkpt><trkpt lat="23.469065" lon="120.954839"><ele>3721.0</ele><time>2023-09-11T02:06:31Z</time></trkpt><trkpt lat="23.469111" lon="120.95479"><ele>3724.0</ele><time>2023-09-11T02:06:40Z</time></trkpt><trkpt lat="23.469146" lon="120.954711"><ele>3725.8</ele><time>2023-09-11T02:06:50Z</time></trkpt><trkpt lat="23.469223" lon="120.954646"><ele>3725.0</ele><time>2023-09-11T02:07:03Z</time></trkpt><trkpt lat="23.469332" lon="120.954455"><ele>3726.0</ele><time>2023-09-11T02:07:34Z</time></trkpt><trkpt lat="23.469321" lon="120.954629"><ele>3736.0</ele><time>2023-09-11T02:07:57Z</time></trkpt><trkpt lat="23.46921" lon="120.955214"><ele>3754.0</ele><time>2023-09-11T02:09:16Z</time></trkpt><trkpt lat="23.469217" lon="120.955257"><ele>3754.0</ele><time>2023-09-11T02:09:22Z</time></trkpt><trkpt lat="23.469315" lon="120.955142"><ele>3756.0</ele><time>2023-09-11T02:09:42Z</time></trkpt><trkpt lat="23.469346" lon="120.955085"><ele>3756.0</ele><time>2023-09-11T02:09:48Z</time></trkpt><trkpt lat="23.469375" lon="120.955063"><ele>3753.0</ele><time>2023-09-11T02:09:54Z</time></trkpt><trkpt lat="23.469386" lon="120.955107"><ele>3760.0</ele><time>2023-09-11T02:10:06Z</time></trkpt><trkpt lat="23.469381" lon="120.955215"><ele>3760.0</ele><time>2023-09-11T02:10:27Z</time></trkpt><trkpt lat="23.469372" lon="120.955246"><ele>3763.0</ele><time>2023-09-11T02:10:34Z</time></trkpt><trkpt lat="23.469323" lon="120.95532"><ele>3768.0</ele><time>2023-09-11T02:10:56Z</time></trkpt><trkpt lat="23.469311" lon="120.955374"><ele>3760.0</ele><time>2023-09-11T02:11:12Z</time></trkpt><trkpt lat="23.469322" lon="120.955412"><ele>3772.0</ele><time>2023-09-11T02:11:22Z</time></trkpt><trkpt lat="23.469317" lon="120.955447"><ele>3771.0</ele><time>2023-09-11T02:11:27Z</time></trkpt><trkpt lat="23.46929" lon="120.955476"><ele>3770.0</ele><time>2023-09-11T02:11:34Z</time></trkpt><trkpt lat="23.469275" lon="120.955516"><ele>3772.0</ele><time>2023-09-11T02:11:40Z</time></trkpt><trkpt lat="23.469282" lon="120.955623"><ele>3780.0</ele><time>2023-09-11T02:11:54Z</time></trkpt><trkpt lat="23.469324" lon="120.955639"><ele>3780.0</ele><time>2023-09-11T02:12:09Z</time></trkpt><trkpt lat="23.469351" lon="120.955622"><ele>3785.0</ele><time>2023-09-11T02:12:17Z</time></trkpt><trkpt lat="23.469432" lon="120.955527"><ele>3787.0</ele><time>2023-09-11T02:12:38Z</time></trkpt><trkpt lat="23.469431" lon="120.955636"><ele>3792.0</ele><time>2023-09-11T02:13:10Z</time></trkpt><trkpt lat="23.469454" lon="120.95572"><ele>3798.0</ele><time>2023-09-11T02:13:26Z</time></trkpt><trkpt lat="23.469487" lon="120.955789"><ele>3802.0</ele><time>2023-09-11T02:13:51Z</time></trkpt><trkpt lat="23.4695" lon="120.955851"><ele>3807.0</ele><time>2023-09-11T02:14:18Z</time></trkpt><trkpt lat="23.469477" lon="120.95591"><ele>3804.0</ele><time>2023-09-11T02:14:32Z</time></trkpt><trkpt lat="23.469446" lon="120.95593"><ele>3805.0</ele><time>2023-09-11T02:14:37Z</time></trkpt><trkpt lat="23.469355" lon="120.955947"><ele>3806.0</ele><time>2023-09-11T02:14:53Z</time></trkpt><trkpt lat="23.469304" lon="120.955997"><ele>3807.0</ele><time>2023-09-11T02:15:00Z</time></trkpt><trkpt lat="23.46927" lon="120.956005"><ele>3808.0</ele><time>2023-09-11T02:15:04Z</time></trkpt><trkpt lat="23.469236" lon="120.955998"><ele>3808.0</ele><time>2023-09-11T02:15:07Z</time></trkpt><trkpt lat="23.469209" lon="120.956014"><ele>3807.0</ele><time>2023-09-11T02:15:09Z</time></trkpt><trkpt lat="23.4692" lon="120.956049"><ele>3808.0</ele><time>2023-09-11T02:15:14Z</time></trkpt><trkpt lat="23.469237" lon="120.956038"><ele>3808.0</ele><time>2023-09-11T02:15:22Z</time></trkpt><trkpt lat="23.469335" lon="120.956034"><ele>3812.0</ele><time>2023-09-11T02:15:36Z</time></trkpt><trkpt lat="23.469364" lon="120.956014"><ele>3812.0</ele><time>2023-09-11T02:15:40Z</time></trkpt><trkpt lat="23.469473" lon="120.956022"><ele>3814.0</ele><time>2023-09-11T02:15:54Z</time></trkpt><trkpt lat="23.469495" lon="120.956088"><ele>3816.0</ele><time>2023-09-11T02:16:15Z</time></trkpt><trkpt lat="23.469532" lon="120.956081"><ele>3822.0</ele><time>2023-09-11T02:16:21Z</time></trkpt><trkpt lat="23.469589" lon="120.95604"><ele>3822.0</ele><time>2023-09-11T02:16:38Z</time></trkpt><trkpt lat="23.469625" lon="120.95603"><ele>3825.0</ele><time>2023-09-11T02:16:45Z</time></trkpt><trkpt lat="23.469602" lon="120.956178"><ele>3833.0</ele><time>2023-09-11T02:17:30Z</time></trkpt><trkpt lat="23.469699" lon="120.956145"><ele>3834.0</ele><time>2023-09-11T02:17:50Z</time></trkpt><trkpt lat="23.469773" lon="120.956092"><ele>3835.0</ele><time>2023-09-11T02:18:08Z</time></trkpt><trkpt lat="23.469898" lon="120.956049"><ele>3840.0</ele><time>2023-09-11T02:18:33Z</time></trkpt><trkpt lat="23.469938" lon="120.956021"><ele>3846.0</ele><time>2023-09-11T02:18:51Z</time></trkpt><trkpt lat="23.469956" lon="120.956049"><ele>3848.0</ele><time>2023-09-11T02:19:07Z</time></trkpt><trkpt lat="23.469985" lon="120.956066"><ele>3848.0</ele><time>2023-09-11T02:19:18Z</time></trkpt><trkpt lat="23.470058" lon="120.956087"><ele>3852.0</ele><time>2023-09-11T02:19:29Z</time></trkpt><trkpt lat="23.47017" lon="120.956095"><ele>3855.0</ele><time>2023-09-11T02:19:45Z</time></trkpt><trkpt lat="23.470212" lon="120.95614"><ele>3855.0</ele><time>2023-09-11T02:20:00Z</time></trkpt><trkpt lat="23.470241" lon="120.956131"><ele>3858.0</ele><time>2023-09-11T02:20:07Z</time></trkpt><trkpt lat="23.470273" lon="120.956103"><ele>3860.0</ele><time>2023-09-11T02:20:11Z</time></trkpt><trkpt lat="23.470289" lon="120.956067"><ele>3861.0</ele><time>2023-09-11T02:20:17Z</time></trkpt><trkpt lat="23.470437" lon="120.95605"><ele>3862.0</ele><time>2023-09-11T02:21:22Z</time></trkpt><trkpt lat="23.47045" lon="120.956083"><ele>3865.3</ele><time>2023-09-11T02:21:39Z</time></trkpt><trkpt lat="23.470401" lon="120.956293"><ele>3872.0</ele><time>2023-09-11T02:23:17Z</time></trkpt><trkpt lat="23.470397" lon="120.95635"><ele>3886.7</ele><time>2023-09-11T02:23:52Z</time></trkpt><trkpt lat="23.470448" lon="120.956423"><ele>3882.0</ele><time>2023-09-11T02:24:20Z</time></trkpt><trkpt lat="23.470395" lon="120.956481"><ele>3894.0</ele><time>2023-09-11T02:24:50Z</time></trkpt><trkpt lat="23.470351" lon="120.956503"><ele>3897.0</ele><time>2023-09-11T02:25:13Z</time></trkpt><trkpt lat="23.470273" lon="120.956617"><ele>3900.0</ele><time>2023-09-11T02:25:32Z</time></trkpt><trkpt lat="23.470236" lon="120.956645"><ele>3897.0</ele><time>2023-09-11T02:25:40Z</time></trkpt><trkpt lat="23.470198" lon="120.95664"><ele>3897.0</ele><time>2023-09-11T02:25:47Z</time></trkpt><trkpt lat="23.470097" lon="120.956742"><ele>3905.0</ele><time>2023-09-11T02:26:21Z</time></trkpt><trkpt lat="23.470037" lon="120.956872"><ele>3910.0</ele><time>2023-09-11T02:26:53Z</time></trkpt><trkpt lat="23.470122" lon="120.956838"><ele>3912.0</ele><time>2023-09-11T02:27:11Z</time></trkpt><trkpt lat="23.470173" lon="120.956836"><ele>3906.0</ele><time>2023-09-11T02:27:25Z</time></trkpt><trkpt lat="23.470111" lon="120.956991"><ele>3920.0</ele><time>2023-09-11T02:28:11Z</time></trkpt><trkpt lat="23.470153" lon="120.957039"><ele>3920.0</ele><time>2023-09-11T02:28:37Z</time></trkpt><trkpt lat="23.470159" lon="120.95709"><ele>3928.0</ele><time>2023-09-11T02:28:52Z</time></trkpt><trkpt lat="23.470139" lon="120.957116"><ele>3925.0</ele><time>2023-09-11T02:29:01Z</time></trkpt><trkpt lat="23.470169" lon="120.957185"><ele>3928.2</ele><time>2023-09-11T02:29:42Z</time></trkpt><trkpt lat="23.470147" lon="120.95719"><ele>3928.0</ele><time>2023-09-11T02:29:45Z</time></trkpt><trkpt lat="23.470113" lon="120.957269"><ele>3930.0</ele><time>2023-09-11T02:30:40Z</time></trkpt><trkpt lat="23.470058" lon="120.957261"><ele>3935.0</ele><time>2023-09-11T02:32:08Z</time></trkpt><trkpt lat="23.470029" lon="120.957242"><ele>3936.0</ele><time>2023-09-11T03:11:35Z</time></trkpt><trkpt lat="23.470111" lon="120.957206"><ele>3931.0</ele><time>2023-09-11T03:12:09Z</time></trkpt><trkpt lat="23.47013" lon="120.957202"><ele>3930.3</ele><time>2023-09-11T03:12:24Z</time></trkpt><trkpt lat="23.470147" lon="120.957212"><ele>3929.0</ele><time>2023-09-11T03:12:27Z</time></trkpt><trkpt lat="23.470178" lon="120.957156"><ele>3924.0</ele><time>2023-09-11T03:12:53Z</time></trkpt><trkpt lat="23.470149" lon="120.957142"><ele>3924.0</ele><time>2023-09-11T03:13:01Z</time></trkpt><trkpt lat="23.470166" lon="120.957112"><ele>3919.0</ele><time>2023-09-11T03:13:07Z</time></trkpt><trkpt lat="23.470174" lon="120.957061"><ele>3920.0</ele><time>2023-09-11T03:13:14Z</time></trkpt><trkpt lat="23.470135" lon="120.957031"><ele>3916.0</ele><time>2023-09-11T03:13:25Z</time></trkpt><trkpt lat="23.470128" lon="120.956992"><ele>3912.0</ele><time>2023-09-11T03:13:35Z</time></trkpt><trkpt lat="23.470168" lon="120.956902"><ele>3911.0</ele><time>2023-09-11T03:13:48Z</time></trkpt><trkpt lat="23.47019" lon="120.95681"><ele>3910.0</ele><time>2023-09-11T03:14:04Z</time></trkpt><trkpt lat="23.470159" lon="120.956832"><ele>3908.0</ele><time>2023-09-11T03:14:09Z</time></trkpt><trkpt lat="23.470126" lon="120.956835"><ele>3908.0</ele><time>2023-09-11T03:14:12Z</time></trkpt><trkpt lat="23.47006" lon="120.956879"><ele>3906.0</ele><time>2023-09-11T03:14:21Z</time></trkpt><trkpt lat="23.470068" lon="120.956847"><ele>3906.0</ele><time>2023-09-11T03:14:29Z</time></trkpt><trkpt lat="23.470108" lon="120.956785"><ele>3900.0</ele><time>2023-09-11T03:14:40Z</time></trkpt><trkpt lat="23.470145" lon="120.95669"><ele>3896.0</ele><time>2023-09-11T03:14:55Z</time></trkpt><trkpt lat="23.470207" lon="120.956644"><ele>3895.0</ele><time>2023-09-11T03:15:08Z</time></trkpt><trkpt lat="23.47022" lon="120.956614"><ele>3894.0</ele><time>2023-09-11T03:15:14Z</time></trkpt><trkpt lat="23.470255" lon="120.956615"><ele>3892.0</ele><time>2023-09-11T03:15:19Z</time></trkpt><trkpt lat="23.470285" lon="120.956604"><ele>3892.0</ele><time>2023-09-11T03:15:23Z</time></trkpt><trkpt lat="23.470308" lon="120.956549"><ele>3892.0</ele><time>2023-09-11T03:15:33Z</time></trkpt><trkpt lat="23.470365" lon="120.956484"><ele>3894.0</ele><time>2023-09-11T03:15:42Z</time></trkpt><trkpt lat="23.470401" lon="120.956472"><ele>3890.0</ele><time>2023-09-11T03:15:48Z</time></trkpt><trkpt lat="23.470462" lon="120.956426"><ele>3879.0</ele><time>2023-09-11T03:16:19Z</time></trkpt><trkpt lat="23.470423" lon="120.956397"><ele>3878.0</ele><time>2023-09-11T03:16:33Z</time></trkpt><trkpt lat="23.470425" lon="120.956351"><ele>3876.0</ele><time>2023-09-11T03:16:44Z</time></trkpt><trkpt lat="23.470471" lon="120.956227"><ele>3866.0</ele><time>2023-09-11T03:17:14Z</time></trkpt><trkpt lat="23.470468" lon="120.956153"><ele>3864.0</ele><time>2023-09-11T03:17:28Z</time></trkpt><trkpt lat="23.470483" lon="120.956086"><ele>3860.0</ele><time>2023-09-11T03:17:40Z</time></trkpt><trkpt lat="23.470464" lon="120.956024"><ele>3855.0</ele><time>2023-09-11T03:17:50Z</time></trkpt><trkpt lat="23.470392" lon="120.956075"><ele>3856.0</ele><time>2023-09-11T03:18:08Z</time></trkpt><trkpt lat="23.470329" lon="120.956148"><ele>3855.2</ele><time>2023-09-11T03:18:19Z</time></trkpt><trkpt lat="23.470099" lon="120.956153"><ele>3849.0</ele><time>2023-09-11T03:18:42Z</time></trkpt><trkpt lat="23.470067" lon="120.956136"><ele>3847.0</ele><time>2023-09-11T03:18:46Z</time></trkpt><trkpt lat="23.469998" lon="120.956075"><ele>3841.0</ele><time>2023-09-11T03:18:59Z</time></trkpt><trkpt lat="23.46995" lon="120.956079"><ele>3842.0</ele><time>2023-09-11T03:19:04Z</time></trkpt><trkpt lat="23.469865" lon="120.956092"><ele>3843.0</ele><time>2023-09-11T03:19:11Z</time></trkpt><trkpt lat="23.46977" lon="120.956124"><ele>3836.0</ele><time>2023-09-11T03:19:25Z</time></trkpt><trkpt lat="23.469722" lon="120.956166"><ele>3835.0</ele><time>2023-09-11T03:19:33Z</time></trkpt><trkpt lat="23.469649" lon="120.95619"><ele>3835.0</ele><time>2023-09-11T03:19:44Z</time></trkpt><trkpt lat="23.469625" lon="120.956164"><ele>3830.0</ele><time>2023-09-11T03:19:53Z</time></trkpt><trkpt lat="23.469616" lon="120.956075"><ele>3828.0</ele><time>2023-09-11T03:20:05Z</time></trkpt><trkpt lat="23.469626" lon="120.95604"><ele>3822.0</ele><time>2023-09-11T03:20:14Z</time></trkpt><trkpt lat="23.469575" lon="120.956088"><ele>3820.0</ele><time>2023-09-11T03:20:31Z</time></trkpt><trkpt lat="23.469504" lon="120.956089"><ele>3816.8</ele><time>2023-09-11T03:20:44Z</time></trkpt><trkpt lat="23.469513" lon="120.956073"><ele>3814.0</ele><time>2023-09-11T03:20:48Z</time></trkpt><trkpt lat="23.469505" lon="120.956031"><ele>3810.0</ele><time>2023-09-11T03:20:55Z</time></trkpt><trkpt lat="23.469473" lon="120.956022"><ele>3810.0</ele><time>2023-09-11T03:21:00Z</time></trkpt><trkpt lat="23.469401" lon="120.95602"><ele>3807.0</ele><time>2023-09-11T03:21:07Z</time></trkpt><trkpt lat="23.469338" lon="120.956061"><ele>3809.0</ele><time>2023-09-11T03:21:14Z</time></trkpt><trkpt lat="23.469264" lon="120.956051"><ele>3805.0</ele><time>2023-09-11T03:21:23Z</time></trkpt><trkpt lat="23.469228" lon="120.956061"><ele>3804.0</ele><time>2023-09-11T03:21:30Z</time></trkpt><trkpt lat="23.469231" lon="120.956027"><ele>3803.0</ele><time>2023-09-11T03:21:34Z</time></trkpt><trkpt lat="23.46928" lon="120.956013"><ele>3802.9</ele><time>2023-09-11T03:21:39Z</time></trkpt><trkpt lat="23.469311" lon="120.956018"><ele>3800.0</ele><time>2023-09-11T03:21:43Z</time></trkpt><trkpt lat="23.46935" lon="120.95596"><ele>3800.0</ele><time>2023-09-11T03:21:49Z</time></trkpt><trkpt lat="23.469412" lon="120.955936"><ele>3801.0</ele><time>2023-09-11T03:21:56Z</time></trkpt><trkpt lat="23.469442" lon="120.955939"><ele>3801.0</ele><time>2023-09-11T03:21:59Z</time></trkpt><trkpt lat="23.469476" lon="120.955927"><ele>3800.0</ele><time>2023-09-11T03:22:03Z</time></trkpt><trkpt lat="23.469517" lon="120.955866"><ele>3800.0</ele><time>2023-09-11T03:22:12Z</time></trkpt><trkpt lat="23.469536" lon="120.955769"><ele>3798.0</ele><time>2023-09-11T03:22:26Z</time></trkpt><trkpt lat="23.469502" lon="120.955748"><ele>3796.0</ele><time>2023-09-11T03:22:37Z</time></trkpt><trkpt lat="23.46946" lon="120.95568"><ele>3795.0</ele><time>2023-09-11T03:22:49Z</time></trkpt><trkpt lat="23.469454" lon="120.955645"><ele>3792.0</ele><time>2023-09-11T03:22:53Z</time></trkpt><trkpt lat="23.469465" lon="120.955577"><ele>3789.0</ele><time>2023-09-11T03:23:01Z</time></trkpt><trkpt lat="23.469458" lon="120.955532"><ele>3784.0</ele><time>2023-09-11T03:23:07Z</time></trkpt><trkpt lat="23.469416" lon="120.955546"><ele>3786.0</ele><time>2023-09-11T03:23:12Z</time></trkpt><trkpt lat="23.469342" lon="120.955642"><ele>3780.0</ele><time>2023-09-11T03:23:27Z</time></trkpt><trkpt lat="23.469306" lon="120.955646"><ele>3780.0</ele><time>2023-09-11T03:23:33Z</time></trkpt><trkpt lat="23.469285" lon="120.955588"><ele>3776.0</ele><time>2023-09-11T03:23:43Z</time></trkpt><trkpt lat="23.469286" lon="120.955546"><ele>3768.0</ele><time>2023-09-11T03:23:49Z</time></trkpt><trkpt lat="23.46933" lon="120.955452"><ele>3770.0</ele><time>2023-09-11T03:24:04Z</time></trkpt><trkpt lat="23.469321" lon="120.955394"><ele>3765.5</ele><time>2023-09-11T03:24:10Z</time></trkpt><trkpt lat="23.46933" lon="120.955338"><ele>3764.0</ele><time>2023-09-11T03:24:17Z</time></trkpt><trkpt lat="23.46939" lon="120.955254"><ele>3762.0</ele><time>2023-09-11T03:24:25Z</time></trkpt><trkpt lat="23.46938" lon="120.955057"><ele>3753.0</ele><time>2023-09-11T03:24:47Z</time></trkpt><trkpt lat="23.469236" lon="120.95524"><ele>3752.0</ele><time>2023-09-11T03:25:09Z</time></trkpt><trkpt lat="23.469222" lon="120.9552"><ele>3751.0</ele><time>2023-09-11T03:25:16Z</time></trkpt><trkpt lat="23.469255" lon="120.955084"><ele>3744.0</ele><time>2023-09-11T03:25:28Z</time></trkpt><trkpt lat="23.469267" lon="120.954977"><ele>3740.0</ele><time>2023-09-11T03:25:39Z</time></trkpt><trkpt lat="23.46929" lon="120.954918"><ele>3738.0</ele><time>2023-09-11T03:25:44Z</time></trkpt><trkpt lat="23.469326" lon="120.954751"><ele>3732.0</ele><time>2023-09-11T03:25:58Z</time></trkpt><trkpt lat="23.46934" lon="120.954551"><ele>3728.0</ele><time>2023-09-11T03:26:14Z</time></trkpt><trkpt lat="23.469321" lon="120.95446"><ele>3728.0</ele><time>2023-09-11T03:26:28Z</time></trkpt><trkpt lat="23.469286" lon="120.954525"><ele>3730.0</ele><time>2023-09-11T03:26:34Z</time></trkpt><trkpt lat="23.469283" lon="120.954571"><ele>3731.4</ele><time>2023-09-11T03:26:38Z</time></trkpt><trkpt lat="23.469241" lon="120.954613"><ele>3730.0</ele><time>2023-09-11T03:26:42Z</time></trkpt><trkpt lat="23.469224" lon="120.954647"><ele>3729.0</ele><time>2023-09-11T03:26:45Z</time></trkpt><trkpt lat="23.469154" lon="120.954689"><ele>3729.0</ele><time>2023-09-11T03:26:51Z</time></trkpt><trkpt lat="23.469133" lon="120.954722"><ele>3729.0</ele><time>2023-09-11T03:26:54Z</time></trkpt><trkpt lat="23.469128" lon="120.954761"><ele>3727.0</ele><time>2023-09-11T03:26:57Z</time></trkpt><trkpt lat="23.469051" lon="120.954827"><ele>3727.0</ele><time>2023-09-11T03:27:05Z</time></trkpt><trkpt lat="23.469023" lon="120.954863"><ele>3724.0</ele><time>2023-09-11T03:27:09Z</time></trkpt><trkpt lat="23.468929" lon="120.954915"><ele>3723.0</ele><time>2023-09-11T03:27:19Z</time></trkpt><trkpt lat="23.468807" lon="120.955116"><ele>3714.0</ele><time>2023-09-11T03:27:43Z</time></trkpt><trkpt lat="23.468783" lon="120.95514"><ele>3711.0</ele><time>2023-09-11T03:27:50Z</time></trkpt><trkpt lat="23.46872" lon="120.955168"><ele>3710.0</ele><time>2023-09-11T03:27:59Z</time></trkpt><trkpt lat="23.468696" lon="120.955207"><ele>3708.0</ele><time>2023-09-11T03:28:04Z</time></trkpt><trkpt lat="23.468694" lon="120.955177"><ele>3708.0</ele><time>2023-09-11T03:28:08Z</time></trkpt><trkpt lat="23.468729" lon="120.955124"><ele>3707.0</ele><time>2023-09-11T03:28:14Z</time></trkpt><trkpt lat="23.468775" lon="120.954876"><ele>3696.0</ele><time>2023-09-11T03:28:33Z</time></trkpt><trkpt lat="23.468827" lon="120.954712"><ele>3693.0</ele><time>2023-09-11T03:28:47Z</time></trkpt><trkpt lat="23.468853" lon="120.954449"><ele>3694.0</ele><time>2023-09-11T03:29:04Z</time></trkpt><trkpt lat="23.468847" lon="120.954409"><ele>3693.2</ele><time>2023-09-11T03:29:07Z</time></trkpt><trkpt lat="23.468863" lon="120.954372"><ele>3691.0</ele><time>2023-09-11T03:29:10Z</time></trkpt><trkpt lat="23.468869" lon="120.9543"><ele>3687.0</ele><time>2023-09-11T03:29:15Z</time></trkpt><trkpt lat="23.468884" lon="120.954264"><ele>3687.0</ele><time>2023-09-11T03:29:18Z</time></trkpt><trkpt lat="23.468891" lon="120.954045"><ele>3684.0</ele><time>2023-09-11T03:29:33Z</time></trkpt><trkpt lat="23.468771" lon="120.954186"><ele>3678.0</ele><time>2023-09-11T03:29:46Z</time></trkpt><trkpt lat="23.468718" lon="120.954281"><ele>3676.0</ele><time>2023-09-11T03:29:54Z</time></trkpt><trkpt lat="23.468611" lon="120.954416"><ele>3675.0</ele><time>2023-09-11T03:30:07Z</time></trkpt><trkpt lat="23.468547" lon="120.95446"><ele>3675.0</ele><time>2023-09-11T03:30:15Z</time></trkpt><trkpt lat="23.468398" lon="120.954597"><ele>3670.0</ele><time>2023-09-11T03:30:33Z</time></trkpt><trkpt lat="23.468369" lon="120.954609"><ele>3669.0</ele><time>2023-09-11T03:30:36Z</time></trkpt><trkpt lat="23.468251" lon="120.954721"><ele>3666.0</ele><time>2023-09-11T03:30:50Z</time></trkpt><trkpt lat="23.468192" lon="120.954757"><ele>3664.0</ele><time>2023-09-11T03:30:57Z</time></trkpt><trkpt lat="23.468145" lon="120.954807"><ele>3663.0</ele><time>2023-09-11T03:31:04Z</time></trkpt><trkpt lat="23.468121" lon="120.954877"><ele>3660.0</ele><time>2023-09-11T03:31:10Z</time></trkpt><trkpt lat="23.468088" lon="120.954898"><ele>3658.0</ele><time>2023-09-11T03:31:14Z</time></trkpt><trkpt lat="23.468061" lon="120.954846"><ele>3654.0</ele><time>2023-09-11T03:31:23Z</time></trkpt><trkpt lat="23.468058" lon="120.954579"><ele>3642.0</ele><time>2023-09-11T03:31:47Z</time></trkpt><trkpt lat="23.468078" lon="120.954544"><ele>3642.0</ele><time>2023-09-11T03:31:50Z</time></trkpt><trkpt lat="23.468087" lon="120.954435"><ele>3639.0</ele><time>2023-09-11T03:32:00Z</time></trkpt><trkpt lat="23.46814" lon="120.954234"><ele>3636.0</ele><time>2023-09-11T03:32:16Z</time></trkpt><trkpt lat="23.468158" lon="120.954124"><ele>3633.0</ele><time>2023-09-11T03:32:25Z</time></trkpt><trkpt lat="23.468159" lon="120.954047"><ele>3632.0</ele><time>2023-09-11T03:32:33Z</time></trkpt><trkpt lat="23.468054" lon="120.954088"><ele>3634.0</ele><time>2023-09-11T03:32:44Z</time></trkpt><trkpt lat="23.468021" lon="120.954122"><ele>3632.0</ele><time>2023-09-11T03:32:48Z</time></trkpt><trkpt lat="23.46794" lon="120.954136"><ele>3629.0</ele><time>2023-09-11T03:32:56Z</time></trkpt><trkpt lat="23.467776" lon="120.954265"><ele>3624.0</ele><time>2023-09-11T03:33:14Z</time></trkpt><trkpt lat="23.467686" lon="120.954414"><ele>3617.0</ele><time>2023-09-11T03:33:28Z</time></trkpt><trkpt lat="23.467541" lon="120.954583"><ele>3611.0</ele><time>2023-09-11T03:33:49Z</time></trkpt><trkpt lat="23.46747" lon="120.954483"><ele>3604.0</ele><time>2023-09-11T03:34:04Z</time></trkpt><trkpt lat="23.467468" lon="120.954442"><ele>3602.0</ele><time>2023-09-11T03:34:07Z</time></trkpt><trkpt lat="23.467425" lon="120.954398"><ele>3600.0</ele><time>2023-09-11T03:34:13Z</time></trkpt><trkpt lat="23.467423" lon="120.95432"><ele>3596.0</ele><time>2023-09-11T03:34:22Z</time></trkpt><trkpt lat="23.467387" lon="120.954344"><ele>3596.0</ele><time>2023-09-11T03:34:27Z</time></trkpt><trkpt lat="23.467374" lon="120.954381"><ele>3595.0</ele><time>2023-09-11T03:34:30Z</time></trkpt><trkpt lat="23.467303" lon="120.954476"><ele>3593.0</ele><time>2023-09-11T03:34:40Z</time></trkpt><trkpt lat="23.467259" lon="120.95451"><ele>3591.0</ele><time>2023-09-11T03:34:48Z</time></trkpt><trkpt lat="23.46723" lon="120.954467"><ele>3591.0</ele><time>2023-09-11T03:34:52Z</time></trkpt><trkpt lat="23.467229" lon="120.954334"><ele>3585.0</ele><time>2023-09-11T03:35:05Z</time></trkpt><trkpt lat="23.467184" lon="120.954232"><ele>3583.0</ele><time>2023-09-11T03:35:15Z</time></trkpt><trkpt lat="23.467145" lon="120.954183"><ele>3582.0</ele><time>2023-09-11T03:35:22Z</time></trkpt><trkpt lat="23.467133" lon="120.95415"><ele>3582.0</ele><time>2023-09-11T03:35:24Z</time></trkpt><trkpt lat="23.467135" lon="120.954082"><ele>3580.0</ele><time>2023-09-11T03:35:28Z</time></trkpt><trkpt lat="23.467121" lon="120.954044"><ele>3578.5</ele><time>2023-09-11T03:35:32Z</time></trkpt><trkpt lat="23.467164" lon="120.953937"><ele>3574.0</ele><time>2023-09-11T03:35:42Z</time></trkpt><trkpt lat="23.467167" lon="120.953864"><ele>3572.0</ele><time>2023-09-11T03:35:49Z</time></trkpt><trkpt lat="23.467194" lon="120.953785"><ele>3570.0</ele><time>2023-09-11T03:35:56Z</time></trkpt><trkpt lat="23.46716" lon="120.953823"><ele>3568.0</ele><time>2023-09-11T03:36:04Z</time></trkpt><trkpt lat="23.467045" lon="120.953892"><ele>3566.0</ele><time>2023-09-11T03:36:17Z</time></trkpt><trkpt lat="23.467026" lon="120.953925"><ele>3564.0</ele><time>2023-09-11T03:36:19Z</time></trkpt><trkpt lat="23.466964" lon="120.953978"><ele>3559.0</ele><time>2023-09-11T03:36:28Z</time></trkpt><trkpt lat="23.46695" lon="120.953782"><ele>3556.0</ele><time>2023-09-11T03:36:50Z</time></trkpt><trkpt lat="23.466962" lon="120.953683"><ele>3552.0</ele><time>2023-09-11T03:37:00Z</time></trkpt><trkpt lat="23.466951" lon="120.953492"><ele>3545.0</ele><time>2023-09-11T03:37:18Z</time></trkpt><trkpt lat="23.466968" lon="120.953428"><ele>3546.0</ele><time>2023-09-11T03:37:25Z</time></trkpt><trkpt lat="23.466912" lon="120.953439"><ele>3540.0</ele><time>2023-09-11T03:37:32Z</time></trkpt><trkpt lat="23.466923" lon="120.953401"><ele>3542.0</ele><time>2023-09-11T03:37:36Z</time></trkpt><trkpt lat="23.466973" lon="120.953328"><ele>3540.0</ele><time>2023-09-11T03:37:45Z</time></trkpt><trkpt lat="23.467002" lon="120.953308"><ele>3540.0</ele><time>2023-09-11T03:37:49Z</time></trkpt><trkpt lat="23.4671" lon="120.953181"><ele>3540.0</ele><time>2023-09-11T03:39:10Z</time></trkpt><trkpt lat="23.467048" lon="120.95318"><ele>3534.0</ele><time>2023-09-11T03:39:19Z</time></trkpt><trkpt lat="23.467068" lon="120.953116"><ele>3537.0</ele><time>2023-09-11T03:39:27Z</time></trkpt><trkpt lat="23.467107" lon="120.953059"><ele>3534.0</ele><time>2023-09-11T03:39:37Z</time></trkpt><trkpt lat="23.466995" lon="120.953097"><ele>3531.0</ele><time>2023-09-11T03:39:53Z</time></trkpt><trkpt lat="23.46689" lon="120.953115"><ele>3528.0</ele><time>2023-09-11T03:40:04Z</time></trkpt><trkpt lat="23.466858" lon="120.953136"><ele>3528.0</ele><time>2023-09-11T03:40:07Z</time></trkpt><trkpt lat="23.466727" lon="120.953165"><ele>3525.0</ele><time>2023-09-11T03:40:20Z</time></trkpt><trkpt lat="23.466618" lon="120.953259"><ele>3520.3</ele><time>2023-09-11T03:40:32Z</time></trkpt><trkpt lat="23.466655" lon="120.953165"><ele>3516.0</ele><time>2023-09-11T03:40:41Z</time></trkpt><trkpt lat="23.46669" lon="120.953111"><ele>3516.0</ele><time>2023-09-11T03:40:47Z</time></trkpt><trkpt lat="23.466702" lon="120.953034"><ele>3517.0</ele><time>2023-09-11T03:41:03Z</time></trkpt><trkpt lat="23.466633" lon="120.953068"><ele>3511.0</ele><time>2023-09-11T03:41:18Z</time></trkpt><trkpt lat="23.466678" lon="120.952998"><ele>3510.0</ele><time>2023-09-11T03:41:30Z</time></trkpt><trkpt lat="23.466687" lon="120.952963"><ele>3510.0</ele><time>2023-09-11T03:41:33Z</time></trkpt><trkpt lat="23.466798" lon="120.952856"><ele>3506.0</ele><time>2023-09-11T03:41:53Z</time></trkpt><trkpt lat="23.466839" lon="120.95269"><ele>3500.0</ele><time>2023-09-11T03:42:10Z</time></trkpt><trkpt lat="23.466816" lon="120.952712"><ele>3500.0</ele><time>2023-09-11T03:42:17Z</time></trkpt><trkpt lat="23.46674" lon="120.9527"><ele>3498.0</ele><time>2023-09-11T03:42:30Z</time></trkpt><trkpt lat="23.466734" lon="120.952579"><ele>3495.2</ele><time>2023-09-11T03:42:47Z</time></trkpt><trkpt lat="23.466688" lon="120.95262"><ele>3492.0</ele><time>2023-09-11T03:42:56Z</time></trkpt><trkpt lat="23.466621" lon="120.952618"><ele>3489.0</ele><time>2023-09-11T03:43:07Z</time></trkpt><trkpt lat="23.466552" lon="120.952585"><ele>3487.0</ele><time>2023-09-11T03:43:17Z</time></trkpt><trkpt lat="23.466564" lon="120.952537"><ele>3482.0</ele><time>2023-09-11T03:43:31Z</time></trkpt><trkpt lat="23.466515" lon="120.952525"><ele>3481.0</ele><time>2023-09-11T03:43:38Z</time></trkpt><trkpt lat="23.466456" lon="120.952561"><ele>3480.0</ele><time>2023-09-11T03:43:47Z</time></trkpt><trkpt lat="23.466388" lon="120.952576"><ele>3480.0</ele><time>2023-09-11T03:44:05Z</time></trkpt><trkpt lat="23.466358" lon="120.952594"><ele>3482.0</ele><time>2023-09-11T03:44:23Z</time></trkpt><trkpt lat="23.466384" lon="120.952653"><ele>3476.0</ele><time>2023-09-11T03:44:39Z</time></trkpt><trkpt lat="23.466369" lon="120.952627"><ele>3479.0</ele><time>2023-09-11T03:44:46Z</time></trkpt><trkpt lat="23.466371" lon="120.952561"><ele>3477.0</ele><time>2023-09-11T03:44:52Z</time></trkpt><trkpt lat="23.466388" lon="120.952481"><ele>3476.0</ele><time>2023-09-11T03:44:57Z</time></trkpt><trkpt lat="23.466448" lon="120.952402"><ele>3474.0</ele><time>2023-09-11T03:45:09Z</time></trkpt><trkpt lat="23.466484" lon="120.9522"><ele>3471.0</ele><time>2023-09-11T03:45:24Z</time></trkpt><trkpt lat="23.466501" lon="120.952172"><ele>3471.0</ele><time>2023-09-11T03:45:27Z</time></trkpt><trkpt lat="23.466506" lon="120.95213"><ele>3471.0</ele><time>2023-09-11T03:45:30Z</time></trkpt><trkpt lat="23.466461" lon="120.951812"><ele>3468.0</ele><time>2023-09-11T03:45:56Z</time></trkpt><trkpt lat="23.466431" lon="120.951713"><ele>3468.0</ele><time>2023-09-11T03:46:03Z</time></trkpt><trkpt lat="23.46644" lon="120.951662"><ele>3463.0</ele><time>2023-09-11T03:46:09Z</time></trkpt><trkpt lat="23.466434" lon="120.951617"><ele>3461.0</ele><time>2023-09-11T03:46:14Z</time></trkpt><trkpt lat="23.466408" lon="120.951639"><ele>3460.0</ele><time>2023-09-11T03:46:18Z</time></trkpt><trkpt lat="23.466383" lon="120.951698"><ele>3460.0</ele><time>2023-09-11T03:46:26Z</time></trkpt><trkpt lat="23.466357" lon="120.951681"><ele>3457.0</ele><time>2023-09-11T03:46:30Z</time></trkpt><trkpt lat="23.466358" lon="120.951585"><ele>3455.0</ele><time>2023-09-11T03:46:39Z</time></trkpt><trkpt lat="23.466379" lon="120.95151"><ele>3453.0</ele><time>2023-09-11T03:46:46Z</time></trkpt><trkpt lat="23.466356" lon="120.95148"><ele>3451.0</ele><time>2023-09-11T03:46:52Z</time></trkpt><trkpt lat="23.466323" lon="120.951529"><ele>3450.0</ele><time>2023-09-11T03:46:58Z</time></trkpt><trkpt lat="23.466286" lon="120.951555"><ele>3450.0</ele><time>2023-09-11T03:47:01Z</time></trkpt><trkpt lat="23.466248" lon="120.951605"><ele>3448.0</ele><time>2023-09-11T03:47:11Z</time></trkpt><trkpt lat="23.466225" lon="120.951538"><ele>3444.0</ele><time>2023-09-11T03:47:19Z</time></trkpt><trkpt lat="23.466235" lon="120.951508"><ele>3444.0</ele><time>2023-09-11T03:47:23Z</time></trkpt><trkpt lat="23.466231" lon="120.951473"><ele>3442.0</ele><time>2023-09-11T03:47:28Z</time></trkpt><trkpt lat="23.466127" lon="120.951566"><ele>3442.0</ele><time>2023-09-11T03:47:43Z</time></trkpt><trkpt lat="23.4661" lon="120.951577"><ele>3440.0</ele><time>2023-09-11T03:47:48Z</time></trkpt><trkpt lat="23.466144" lon="120.951411"><ele>3435.0</ele><time>2023-09-11T03:48:05Z</time></trkpt><trkpt lat="23.466155" lon="120.951309"><ele>3432.0</ele><time>2023-09-11T03:48:16Z</time></trkpt><trkpt lat="23.466207" lon="120.95118"><ele>3431.0</ele><time>2023-09-11T03:48:29Z</time></trkpt><trkpt lat="23.466259" lon="120.951123"><ele>3430.0</ele><time>2023-09-11T03:48:33Z</time></trkpt><trkpt lat="23.466276" lon="120.95109"><ele>3430.0</ele><time>2023-09-11T03:48:35Z</time></trkpt><trkpt lat="23.466326" lon="120.950903"><ele>3429.0</ele><time>2023-09-11T03:48:53Z</time></trkpt><trkpt lat="23.466357" lon="120.950836"><ele>3428.0</ele><time>2023-09-11T03:48:59Z</time></trkpt><trkpt lat="23.466377" lon="120.950699"><ele>3426.0</ele><time>2023-09-11T03:49:11Z</time></trkpt><trkpt lat="23.466393" lon="120.950673"><ele>3426.0</ele><time>2023-09-11T03:49:14Z</time></trkpt><trkpt lat="23.466393" lon="120.95053"><ele>3423.0</ele><time>2023-09-11T03:49:26Z</time></trkpt><trkpt lat="23.466428" lon="120.950399"><ele>3420.0</ele><time>2023-09-11T03:49:41Z</time></trkpt><trkpt lat="23.46643" lon="120.950325"><ele>3420.0</ele><time>2023-09-11T03:49:49Z</time></trkpt><trkpt lat="23.46628" lon="120.95018"><ele>3414.0</ele><time>2023-09-11T03:50:04Z</time></trkpt><trkpt lat="23.466267" lon="120.950121"><ele>3408.0</ele><time>2023-09-11T03:50:13Z</time></trkpt><trkpt lat="23.466365" lon="120.950076"><ele>3402.0</ele><time>2023-09-11T03:50:21Z</time></trkpt><trkpt lat="23.466395" lon="120.950035"><ele>3400.0</ele><time>2023-09-11T03:50:28Z</time></trkpt><trkpt lat="23.466431" lon="120.949942"><ele>3405.0</ele><time>2023-09-11T03:50:44Z</time></trkpt><trkpt lat="23.466519" lon="120.949888"><ele>3405.0</ele><time>2023-09-11T03:50:57Z</time></trkpt><trkpt lat="23.466642" lon="120.949781"><ele>3407.7</ele><time>2023-09-11T03:51:22Z</time></trkpt><trkpt lat="23.466452" lon="120.94981"><ele>3348.0</ele><time>2023-09-11T04:03:44Z</time></trkpt><trkpt lat="23.466601" lon="120.949755"><ele>3406.4</ele><time>2023-09-11T04:08:04Z</time></trkpt><trkpt lat="23.466662" lon="120.949848"><ele>3405.2</ele><time>2023-09-11T04:08:08Z</time></trkpt><trkpt lat="23.46667" lon="120.949809"><ele>3407.2</ele><time>2023-09-11T04:08:10Z</time></trkpt><trkpt lat="23.466661" lon="120.949745"><ele>3407.0</ele><time>2023-09-11T04:08:11Z</time></trkpt><trkpt lat="23.466678" lon="120.949711"><ele>3407.0</ele><time>2023-09-11T04:08:14Z</time></trkpt><trkpt lat="23.466707" lon="120.949697"><ele>3405.0</ele><time>2023-09-11T04:08:17Z</time></trkpt><trkpt lat="23.466715" lon="120.949646"><ele>3409.0</ele><time>2023-09-11T04:08:23Z</time></trkpt><trkpt lat="23.46668" lon="120.949613"><ele>3408.0</ele><time>2023-09-11T04:08:27Z</time></trkpt><trkpt lat="23.466624" lon="120.949647"><ele>3404.0</ele><time>2023-09-11T04:08:33Z</time></trkpt><trkpt lat="23.466583" lon="120.949634"><ele>3402.0</ele><time>2023-09-11T04:08:38Z</time></trkpt><trkpt lat="23.466605" lon="120.949603"><ele>3402.0</ele><time>2023-09-11T04:08:44Z</time></trkpt><trkpt lat="23.466624" lon="120.94954"><ele>3404.0</ele><time>2023-09-11T04:08:54Z</time></trkpt><trkpt lat="23.466611" lon="120.949461"><ele>3405.0</ele><time>2023-09-11T04:09:01Z</time></trkpt><trkpt lat="23.466609" lon="120.94935"><ele>3406.0</ele><time>2023-09-11T04:09:07Z</time></trkpt><trkpt lat="23.466614" lon="120.949295"><ele>3404.0</ele><time>2023-09-11T04:09:14Z</time></trkpt><trkpt lat="23.466645" lon="120.949189"><ele>3402.0</ele><time>2023-09-11T04:09:26Z</time></trkpt><trkpt lat="23.46658" lon="120.949184"><ele>3399.0</ele><time>2023-09-11T04:09:40Z</time></trkpt><trkpt lat="23.466571" lon="120.949155"><ele>3396.0</ele><time>2023-09-11T04:09:47Z</time></trkpt><trkpt lat="23.466532" lon="120.949153"><ele>3396.0</ele><time>2023-09-11T04:09:57Z</time></trkpt><trkpt lat="23.466503" lon="120.949111"><ele>3396.9</ele><time>2023-09-11T04:10:02Z</time></trkpt><trkpt lat="23.466479" lon="120.949111"><ele>3396.0</ele><time>2023-09-11T04:10:04Z</time></trkpt><trkpt lat="23.466448" lon="120.949072"><ele>3395.0</ele><time>2023-09-11T04:10:08Z</time></trkpt><trkpt lat="23.466388" lon="120.949084"><ele>3392.0</ele><time>2023-09-11T04:10:15Z</time></trkpt><trkpt lat="23.466347" lon="120.949029"><ele>3392.0</ele><time>2023-09-11T04:10:22Z</time></trkpt><trkpt lat="23.466256" lon="120.948978"><ele>3390.0</ele><time>2023-09-11T04:10:30Z</time></trkpt><trkpt lat="23.466229" lon="120.948947"><ele>3389.0</ele><time>2023-09-11T04:10:33Z</time></trkpt><trkpt lat="23.46621" lon="120.948884"><ele>3384.0</ele><time>2023-09-11T04:10:37Z</time></trkpt><trkpt lat="23.466194" lon="120.948733"><ele>3381.9</ele><time>2023-09-11T04:10:51Z</time></trkpt><trkpt lat="23.466162" lon="120.94865"><ele>3380.0</ele><time>2023-09-11T04:10:57Z</time></trkpt><trkpt lat="23.466048" lon="120.948551"><ele>3376.0</ele><time>2023-09-11T04:11:11Z</time></trkpt><trkpt lat="23.466008" lon="120.948549"><ele>3375.0</ele><time>2023-09-11T04:11:14Z</time></trkpt><trkpt lat="23.46598" lon="120.948565"><ele>3376.0</ele><time>2023-09-11T04:11:17Z</time></trkpt><trkpt lat="23.465927" lon="120.948552"><ele>3373.0</ele><time>2023-09-11T04:11:23Z</time></trkpt><trkpt lat="23.465849" lon="120.948567"><ele>3374.0</ele><time>2023-09-11T04:11:28Z</time></trkpt><trkpt lat="23.465778" lon="120.948562"><ele>3372.0</ele><time>2023-09-11T04:11:35Z</time></trkpt><trkpt lat="23.465749" lon="120.948569"><ele>3372.0</ele><time>2023-09-11T04:11:37Z</time></trkpt><trkpt lat="23.465713" lon="120.948551"><ele>3370.9</ele><time>2023-09-11T04:11:43Z</time></trkpt><trkpt lat="23.465697" lon="120.948505"><ele>3363.0</ele><time>2023-09-11T04:11:51Z</time></trkpt><trkpt lat="23.465713" lon="120.948415"><ele>3356.0</ele><time>2023-09-11T04:12:00Z</time></trkpt><trkpt lat="23.465709" lon="120.94837"><ele>3354.0</ele><time>2023-09-11T04:12:05Z</time></trkpt><trkpt lat="23.46577" lon="120.948322"><ele>3354.0</ele><time>2023-09-11T04:12:14Z</time></trkpt><trkpt lat="23.465815" lon="120.94819"><ele>3359.0</ele><time>2023-09-11T04:12:27Z</time></trkpt><trkpt lat="23.465815" lon="120.948144"><ele>3360.3</ele><time>2023-09-11T04:12:30Z</time></trkpt><trkpt lat="23.465839" lon="120.94804"><ele>3358.0</ele><time>2023-09-11T04:12:36Z</time></trkpt><trkpt lat="23.46584" lon="120.947957"><ele>3358.0</ele><time>2023-09-11T04:12:40Z</time></trkpt><trkpt lat="23.465816" lon="120.947885"><ele>3358.0</ele><time>2023-09-11T04:12:45Z</time></trkpt><trkpt lat="23.465765" lon="120.947797"><ele>3357.0</ele><time>2023-09-11T04:12:53Z</time></trkpt><trkpt lat="23.465741" lon="120.947624"><ele>3348.0</ele><time>2023-09-11T04:13:10Z</time></trkpt><trkpt lat="23.465689" lon="120.947559"><ele>3348.0</ele><time>2023-09-11T04:13:17Z</time></trkpt><trkpt lat="23.465716" lon="120.947374"><ele>3345.0</ele><time>2023-09-11T04:13:37Z</time></trkpt><trkpt lat="23.465734" lon="120.94734"><ele>3345.0</ele><time>2023-09-11T04:13:40Z</time></trkpt><trkpt lat="23.465738" lon="120.947298"><ele>3345.0</ele><time>2023-09-11T04:13:43Z</time></trkpt><trkpt lat="23.465768" lon="120.947205"><ele>3348.0</ele><time>2023-09-11T04:13:54Z</time></trkpt><trkpt lat="23.465768" lon="120.947074"><ele>3352.0</ele><time>2023-09-11T04:14:08Z</time></trkpt><trkpt lat="23.465757" lon="120.946979"><ele>3352.0</ele><time>2023-09-11T04:14:18Z</time></trkpt><trkpt lat="23.465785" lon="120.946911"><ele>3353.0</ele><time>2023-09-11T04:14:25Z</time></trkpt><trkpt lat="23.465854" lon="120.946792"><ele>3354.0</ele><time>2023-09-11T04:14:38Z</time></trkpt><trkpt lat="23.465898" lon="120.94674"><ele>3353.0</ele><time>2023-09-11T04:14:43Z</time></trkpt><trkpt lat="23.46592" lon="120.946675"><ele>3357.0</ele><time>2023-09-11T04:14:49Z</time></trkpt><trkpt lat="23.465974" lon="120.946575"><ele>3356.0</ele><time>2023-09-11T04:15:00Z</time></trkpt><trkpt lat="23.466022" lon="120.94653"><ele>3354.0</ele><time>2023-09-11T04:15:06Z</time></trkpt><trkpt lat="23.466055" lon="120.946463"><ele>3353.0</ele><time>2023-09-11T04:15:14Z</time></trkpt><trkpt lat="23.466052" lon="120.946329"><ele>3360.0</ele><time>2023-09-11T04:15:22Z</time></trkpt><trkpt lat="23.466038" lon="120.946287"><ele>3361.7</ele><time>2023-09-11T04:15:24Z</time></trkpt><trkpt lat="23.46596" lon="120.946226"><ele>3358.0</ele><time>2023-09-11T04:15:32Z</time></trkpt><trkpt lat="23.465926" lon="120.94616"><ele>3354.0</ele><time>2023-09-11T04:15:40Z</time></trkpt><trkpt lat="23.465916" lon="120.946115"><ele>3351.0</ele><time>2023-09-11T04:15:49Z</time></trkpt><trkpt lat="23.46588" lon="120.946065"><ele>3348.0</ele><time>2023-09-11T04:15:55Z</time></trkpt><trkpt lat="23.465872" lon="120.946031"><ele>3344.0</ele><time>2023-09-11T04:15:58Z</time></trkpt><trkpt lat="23.465845" lon="120.946005"><ele>3342.0</ele><time>2023-09-11T04:16:02Z</time></trkpt><trkpt lat="23.465842" lon="120.946041"><ele>3342.5</ele><time>2023-09-11T04:16:05Z</time></trkpt><trkpt lat="23.465863" lon="120.946133"><ele>3335.0</ele><time>2023-09-11T04:16:15Z</time></trkpt><trkpt lat="23.465844" lon="120.946217"><ele>3338.0</ele><time>2023-09-11T04:16:23Z</time></trkpt><trkpt lat="23.465787" lon="120.946248"><ele>3339.0</ele><time>2023-09-11T04:16:32Z</time></trkpt><trkpt lat="23.465785" lon="120.946216"><ele>3339.0</ele><time>2023-09-11T04:16:39Z</time></trkpt><trkpt lat="23.465756" lon="120.946138"><ele>3336.0</ele><time>2023-09-11T04:16:48Z</time></trkpt><trkpt lat="23.465744" lon="120.946024"><ele>3332.0</ele><time>2023-09-11T04:16:58Z</time></trkpt><trkpt lat="23.465719" lon="120.945968"><ele>3330.0</ele><time>2023-09-11T04:17:03Z</time></trkpt><trkpt lat="23.465703" lon="120.94583"><ele>3328.0</ele><time>2023-09-11T04:17:13Z</time></trkpt><trkpt lat="23.465672" lon="120.945702"><ele>3323.0</ele><time>2023-09-11T04:17:25Z</time></trkpt><trkpt lat="23.465688" lon="120.945669"><ele>3322.0</ele><time>2023-09-11T04:17:28Z</time></trkpt><trkpt lat="23.465664" lon="120.945489"><ele>3318.0</ele><time>2023-09-11T04:17:42Z</time></trkpt><trkpt lat="23.465679" lon="120.945457"><ele>3318.0</ele><time>2023-09-11T04:17:44Z</time></trkpt><trkpt lat="23.465646" lon="120.945404"><ele>3315.0</ele><time>2023-09-11T04:17:53Z</time></trkpt><trkpt lat="23.465617" lon="120.94542"><ele>3316.0</ele><time>2023-09-11T04:17:57Z</time></trkpt><trkpt lat="23.465608" lon="120.945452"><ele>3315.0</ele><time>2023-09-11T04:18:01Z</time></trkpt><trkpt lat="23.465584" lon="120.94548"><ele>3312.0</ele><time>2023-09-11T04:18:04Z</time></trkpt><trkpt lat="23.46555" lon="120.945633"><ele>3310.0</ele><time>2023-09-11T04:18:18Z</time></trkpt><trkpt lat="23.465526" lon="120.945799"><ele>3311.0</ele><time>2023-09-11T04:18:31Z</time></trkpt><trkpt lat="23.465554" lon="120.94595"><ele>3308.0</ele><time>2023-09-11T04:18:45Z</time></trkpt><trkpt lat="23.465544" lon="120.946036"><ele>3309.0</ele><time>2023-09-11T04:18:53Z</time></trkpt><trkpt lat="23.465528" lon="120.946067"><ele>3309.0</ele><time>2023-09-11T04:18:56Z</time></trkpt><trkpt lat="23.465532" lon="120.946137"><ele>3311.0</ele><time>2023-09-11T04:19:01Z</time></trkpt><trkpt lat="23.465524" lon="120.946169"><ele>3310.0</ele><time>2023-09-11T04:19:03Z</time></trkpt><trkpt lat="23.465464" lon="120.946243"><ele>3310.0</ele><time>2023-09-11T04:19:16Z</time></trkpt><trkpt lat="23.46547" lon="120.946212"><ele>3310.0</ele><time>2023-09-11T04:19:31Z</time></trkpt><trkpt lat="23.465423" lon="120.946008"><ele>3301.0</ele><time>2023-09-11T04:19:48Z</time></trkpt><trkpt lat="23.465393" lon="120.945937"><ele>3301.0</ele><time>2023-09-11T04:19:53Z</time></trkpt><trkpt lat="23.465399" lon="120.945893"><ele>3300.0</ele><time>2023-09-11T04:19:58Z</time></trkpt><trkpt lat="23.465347" lon="120.945666"><ele>3292.0</ele><time>2023-09-11T04:20:21Z</time></trkpt><trkpt lat="23.465343" lon="120.945606"><ele>3291.0</ele><time>2023-09-11T04:20:28Z</time></trkpt><trkpt lat="23.465377" lon="120.945458"><ele>3288.0</ele><time>2023-09-11T04:20:43Z</time></trkpt><trkpt lat="23.465367" lon="120.945403"><ele>3288.0</ele><time>2023-09-11T04:20:48Z</time></trkpt><trkpt lat="23.465339" lon="120.945366"><ele>3288.0</ele><time>2023-09-11T04:20:53Z</time></trkpt><trkpt lat="23.465354" lon="120.945303"><ele>3285.0</ele><time>2023-09-11T04:21:01Z</time></trkpt><trkpt lat="23.465345" lon="120.945265"><ele>3285.0</ele><time>2023-09-11T04:21:06Z</time></trkpt><trkpt lat="23.465385" lon="120.945208"><ele>3283.0</ele><time>2023-09-11T04:21:17Z</time></trkpt><trkpt lat="23.465375" lon="120.945139"><ele>3282.0</ele><time>2023-09-11T04:21:28Z</time></trkpt><trkpt lat="23.465397" lon="120.944872"><ele>3285.0</ele><time>2023-09-11T04:21:55Z</time></trkpt><trkpt lat="23.465446" lon="120.944826"><ele>3282.0</ele><time>2023-09-11T04:22:01Z</time></trkpt><trkpt lat="23.465552" lon="120.944666"><ele>3282.0</ele><time>2023-09-11T04:22:19Z</time></trkpt><trkpt lat="23.465623" lon="120.944521"><ele>3284.0</ele><time>2023-09-11T04:22:32Z</time></trkpt><trkpt lat="23.465642" lon="120.944453"><ele>3282.0</ele><time>2023-09-11T04:22:37Z</time></trkpt><trkpt lat="23.465681" lon="120.944407"><ele>3280.0</ele><time>2023-09-11T04:22:45Z</time></trkpt><trkpt lat="23.465725" lon="120.944299"><ele>3285.0</ele><time>2023-09-11T04:22:55Z</time></trkpt><trkpt lat="23.465751" lon="120.944199"><ele>3284.0</ele><time>2023-09-11T04:23:02Z</time></trkpt><trkpt lat="23.465802" lon="120.944147"><ele>3284.0</ele><time>2023-09-11T04:23:10Z</time></trkpt><trkpt lat="23.465754" lon="120.944112"><ele>3285.0</ele><time>2023-09-11T04:23:19Z</time></trkpt><trkpt lat="23.46571" lon="120.944098"><ele>3286.2</ele><time>2023-09-11T04:23:22Z</time></trkpt><trkpt lat="23.465684" lon="120.944067"><ele>3283.0</ele><time>2023-09-11T04:23:25Z</time></trkpt><trkpt lat="23.465653" lon="120.944057"><ele>3282.0</ele><time>2023-09-11T04:23:29Z</time></trkpt><trkpt lat="23.465419" lon="120.944069"><ele>3270.0</ele><time>2023-09-11T04:23:51Z</time></trkpt><trkpt lat="23.465448" lon="120.943998"><ele>3264.0</ele><time>2023-09-11T04:24:02Z</time></trkpt><trkpt lat="23.465448" lon="120.943958"><ele>3267.0</ele><time>2023-09-11T04:24:06Z</time></trkpt><trkpt lat="23.465386" lon="120.943909"><ele>3266.8</ele><time>2023-09-11T04:24:13Z</time></trkpt><trkpt lat="23.465325" lon="120.943837"><ele>3259.0</ele><time>2023-09-11T04:24:24Z</time></trkpt><trkpt lat="23.465292" lon="120.94383"><ele>3260.0</ele><time>2023-09-11T04:24:29Z</time></trkpt><trkpt lat="23.465269" lon="120.943798"><ele>3258.0</ele><time>2023-09-11T04:24:34Z</time></trkpt><trkpt lat="23.465239" lon="120.943793"><ele>3260.0</ele><time>2023-09-11T04:24:40Z</time></trkpt><trkpt lat="23.465224" lon="120.943832"><ele>3254.0</ele><time>2023-09-11T04:25:35Z</time></trkpt><trkpt lat="23.465188" lon="120.943798"><ele>3256.0</ele><time>2023-09-11T04:26:30Z</time></trkpt><trkpt lat="23.46516" lon="120.943686"><ele>3256.0</ele><time>2023-09-11T04:26:38Z</time></trkpt><trkpt lat="23.465184" lon="120.943614"><ele>3252.0</ele><time>2023-09-11T04:26:45Z</time></trkpt><trkpt lat="23.465171" lon="120.943532"><ele>3249.0</ele><time>2023-09-11T04:26:53Z</time></trkpt><trkpt lat="23.465128" lon="120.943475"><ele>3249.0</ele><time>2023-09-11T04:27:00Z</time></trkpt><trkpt lat="23.465098" lon="120.943451"><ele>3249.0</ele><time>2023-09-11T04:27:03Z</time></trkpt><trkpt lat="23.465045" lon="120.943359"><ele>3244.0</ele><time>2023-09-11T04:27:16Z</time></trkpt><trkpt lat="23.465048" lon="120.943311"><ele>3244.0</ele><time>2023-09-11T04:27:19Z</time></trkpt><trkpt lat="23.465099" lon="120.943173"><ele>3247.7</ele><time>2023-09-11T04:27:35Z</time></trkpt><trkpt lat="23.465182" lon="120.943146"><ele>3248.0</ele><time>2023-09-11T04:27:49Z</time></trkpt><trkpt lat="23.465228" lon="120.943098"><ele>3252.0</ele><time>2023-09-11T04:27:59Z</time></trkpt><trkpt lat="23.46525" lon="120.943068"><ele>3251.0</ele><time>2023-09-11T04:28:05Z</time></trkpt><trkpt lat="23.465307" lon="120.942899"><ele>3254.9</ele><time>2023-09-11T04:28:22Z</time></trkpt><trkpt lat="23.465295" lon="120.942867"><ele>3255.0</ele><time>2023-09-11T04:28:24Z</time></trkpt><trkpt lat="23.465223" lon="120.942769"><ele>3253.0</ele><time>2023-09-11T04:28:35Z</time></trkpt><trkpt lat="23.465174" lon="120.942625"><ele>3246.0</ele><time>2023-09-11T04:28:49Z</time></trkpt><trkpt lat="23.465182" lon="120.942584"><ele>3246.0</ele><time>2023-09-11T04:28:52Z</time></trkpt><trkpt lat="23.465226" lon="120.942547"><ele>3244.0</ele><time>2023-09-11T04:29:00Z</time></trkpt><trkpt lat="23.465223" lon="120.942436"><ele>3246.0</ele><time>2023-09-11T04:29:08Z</time></trkpt><trkpt lat="23.465191" lon="120.942397"><ele>3245.9</ele><time>2023-09-11T04:29:12Z</time></trkpt><trkpt lat="23.46517" lon="120.942274"><ele>3243.0</ele><time>2023-09-11T04:29:21Z</time></trkpt><trkpt lat="23.465107" lon="120.942198"><ele>3240.0</ele><time>2023-09-11T04:29:33Z</time></trkpt><trkpt lat="23.465105" lon="120.942166"><ele>3240.0</ele><time>2023-09-11T04:29:38Z</time></trkpt><trkpt lat="23.465195" lon="120.942003"><ele>3239.0</ele><time>2023-09-11T04:29:58Z</time></trkpt><trkpt lat="23.465196" lon="120.941945"><ele>3240.0</ele><time>2023-09-11T04:30:02Z</time></trkpt><trkpt lat="23.465284" lon="120.941809"><ele>3242.0</ele><time>2023-09-11T04:30:14Z</time></trkpt><trkpt lat="23.465321" lon="120.941714"><ele>3244.0</ele><time>2023-09-11T04:30:21Z</time></trkpt><trkpt lat="23.465375" lon="120.941669"><ele>3244.0</ele><time>2023-09-11T04:30:27Z</time></trkpt><trkpt lat="23.465441" lon="120.941575"><ele>3246.0</ele><time>2023-09-11T04:30:37Z</time></trkpt><trkpt lat="23.465555" lon="120.941502"><ele>3240.0</ele><time>2023-09-11T04:30:51Z</time></trkpt><trkpt lat="23.46569" lon="120.941477"><ele>3240.0</ele><time>2023-09-11T04:31:05Z</time></trkpt><trkpt lat="23.4658" lon="120.9415"><ele>3240.0</ele><time>2023-09-11T04:31:18Z</time></trkpt><trkpt lat="23.465905" lon="120.941547"><ele>3242.0</ele><time>2023-09-11T04:31:27Z</time></trkpt><trkpt lat="23.466008" lon="120.941535"><ele>3244.0</ele><time>2023-09-11T04:31:35Z</time></trkpt><trkpt lat="23.466104" lon="120.941496"><ele>3246.0</ele><time>2023-09-11T04:31:46Z</time></trkpt><trkpt lat="23.466174" lon="120.941433"><ele>3244.0</ele><time>2023-09-11T04:31:54Z</time></trkpt><trkpt lat="23.466234" lon="120.941345"><ele>3243.0</ele><time>2023-09-11T04:32:03Z</time></trkpt><trkpt lat="23.466268" lon="120.941316"><ele>3243.0</ele><time>2023-09-11T04:32:06Z</time></trkpt><trkpt lat="23.466364" lon="120.941264"><ele>3240.0</ele><time>2023-09-11T04:32:16Z</time></trkpt><trkpt lat="23.466407" lon="120.941261"><ele>3240.0</ele><time>2023-09-11T04:32:20Z</time></trkpt><trkpt lat="23.466491" lon="120.941213"><ele>3241.0</ele><time>2023-09-11T04:32:28Z</time></trkpt><trkpt lat="23.466543" lon="120.941211"><ele>3240.0</ele><time>2023-09-11T04:32:33Z</time></trkpt><trkpt lat="23.466674" lon="120.941147"><ele>3243.0</ele><time>2023-09-11T04:32:45Z</time></trkpt><trkpt lat="23.466685" lon="120.941115"><ele>3245.0</ele><time>2023-09-11T04:32:47Z</time></trkpt><trkpt lat="23.466731" lon="120.941056"><ele>3245.0</ele><time>2023-09-11T04:32:53Z</time></trkpt><trkpt lat="23.466727" lon="120.940988"><ele>3243.0</ele><time>2023-09-11T04:32:58Z</time></trkpt><trkpt lat="23.466743" lon="120.940947"><ele>3245.0</ele><time>2023-09-11T04:33:00Z</time></trkpt><trkpt lat="23.466732" lon="120.940886"><ele>3242.0</ele><time>2023-09-11T04:33:05Z</time></trkpt><trkpt lat="23.466747" lon="120.940762"><ele>3234.0</ele><time>2023-09-11T04:33:15Z</time></trkpt><trkpt lat="23.466772" lon="120.940665"><ele>3227.0</ele><time>2023-09-11T04:33:29Z</time></trkpt><trkpt lat="23.466857" lon="120.940556"><ele>3219.0</ele><time>2023-09-11T04:33:55Z</time></trkpt><trkpt lat="23.46689" lon="120.940541"><ele>3217.0</ele><time>2023-09-11T04:34:02Z</time></trkpt><trkpt lat="23.466916" lon="120.940458"><ele>3212.0</ele><time>2023-09-11T04:34:14Z</time></trkpt><trkpt lat="23.466963" lon="120.940409"><ele>3213.0</ele><time>2023-09-11T04:34:20Z</time></trkpt><trkpt lat="23.46707" lon="120.940367"><ele>3213.0</ele><time>2023-09-11T04:34:29Z</time></trkpt><trkpt lat="23.467107" lon="120.940364"><ele>3215.0</ele><time>2023-09-11T04:34:33Z</time></trkpt><trkpt lat="23.467134" lon="120.940337"><ele>3217.0</ele><time>2023-09-11T04:34:36Z</time></trkpt><trkpt lat="23.467188" lon="120.940306"><ele>3216.0</ele><time>2023-09-11T04:34:42Z</time></trkpt><trkpt lat="23.467226" lon="120.940249"><ele>3216.0</ele><time>2023-09-11T04:34:50Z</time></trkpt><trkpt lat="23.467254" lon="120.940224"><ele>3216.0</ele><time>2023-09-11T04:34:53Z</time></trkpt><trkpt lat="23.467435" lon="120.940136"><ele>3216.0</ele><time>2023-09-11T04:35:12Z</time></trkpt><trkpt lat="23.467524" lon="120.940063"><ele>3215.0</ele><time>2023-09-11T04:35:23Z</time></trkpt><trkpt lat="23.467664" lon="120.94004"><ele>3218.0</ele><time>2023-09-11T04:35:35Z</time></trkpt><trkpt lat="23.467758" lon="120.939983"><ele>3220.0</ele><time>2023-09-11T04:35:47Z</time></trkpt><trkpt lat="23.467871" lon="120.939944"><ele>3220.0</ele><time>2023-09-11T04:36:07Z</time></trkpt><trkpt lat="23.467897" lon="120.939877"><ele>3220.0</ele><time>2023-09-11T04:36:30Z</time></trkpt><trkpt lat="23.46798" lon="120.939834"><ele>3220.0</ele><time>2023-09-11T04:36:55Z</time></trkpt><trkpt lat="23.468005" lon="120.939785"><ele>3220.0</ele><time>2023-09-11T04:37:01Z</time></trkpt><trkpt lat="23.46809" lon="120.93975"><ele>3220.0</ele><time>2023-09-11T04:37:15Z</time></trkpt><trkpt lat="23.468107" lon="120.939732"><ele>3219.0</ele><time>2023-09-11T04:37:17Z</time></trkpt><trkpt lat="23.468142" lon="120.939734"><ele>3216.0</ele><time>2023-09-11T04:37:23Z</time></trkpt><trkpt lat="23.46811" lon="120.939771"><ele>3216.0</ele><time>2023-09-11T04:37:34Z</time></trkpt><trkpt lat="23.468142" lon="120.939784"><ele>3216.0</ele><time>2023-09-11T04:37:43Z</time></trkpt><trkpt lat="23.468226" lon="120.939735"><ele>3221.0</ele><time>2023-09-11T04:37:59Z</time></trkpt><trkpt lat="23.468273" lon="120.93972"><ele>3222.0</ele><time>2023-09-11T04:38:05Z</time></trkpt><trkpt lat="23.468371" lon="120.939641"><ele>3223.5</ele><time>2023-09-11T04:38:17Z</time></trkpt><trkpt lat="23.468397" lon="120.939638"><ele>3222.0</ele><time>2023-09-11T04:38:20Z</time></trkpt><trkpt lat="23.468433" lon="120.939589"><ele>3220.0</ele><time>2023-09-11T04:38:26Z</time></trkpt><trkpt lat="23.468496" lon="120.93953"><ele>3222.0</ele><time>2023-09-11T04:38:34Z</time></trkpt><trkpt lat="23.468568" lon="120.939479"><ele>3221.0</ele><time>2023-09-11T04:38:43Z</time></trkpt><trkpt lat="23.468618" lon="120.939411"><ele>3219.0</ele><time>2023-09-11T04:38:50Z</time></trkpt><trkpt lat="23.468711" lon="120.939355"><ele>3220.0</ele><time>2023-09-11T04:39:01Z</time></trkpt><trkpt lat="23.468754" lon="120.939295"><ele>3222.0</ele><time>2023-09-11T04:39:07Z</time></trkpt><trkpt lat="23.468789" lon="120.939284"><ele>3223.0</ele><time>2023-09-11T04:39:10Z</time></trkpt><trkpt lat="23.468881" lon="120.939199"><ele>3222.0</ele><time>2023-09-11T04:39:21Z</time></trkpt><trkpt lat="23.468898" lon="120.939167"><ele>3222.0</ele><time>2023-09-11T04:39:24Z</time></trkpt><trkpt lat="23.468911" lon="120.93909"><ele>3222.0</ele><time>2023-09-11T04:39:30Z</time></trkpt><trkpt lat="23.468973" lon="120.939006"><ele>3219.0</ele><time>2023-09-11T04:39:39Z</time></trkpt><trkpt lat="23.469051" lon="120.938943"><ele>3216.0</ele><time>2023-09-11T04:39:47Z</time></trkpt><trkpt lat="23.469143" lon="120.938801"><ele>3216.0</ele><time>2023-09-11T04:39:59Z</time></trkpt><trkpt lat="23.469206" lon="120.938764"><ele>3216.0</ele><time>2023-09-11T04:40:05Z</time></trkpt><trkpt lat="23.469274" lon="120.938677"><ele>3214.0</ele><time>2023-09-11T04:40:14Z</time></trkpt><trkpt lat="23.469312" lon="120.93852"><ele>3216.0</ele><time>2023-09-11T04:40:28Z</time></trkpt><trkpt lat="23.469319" lon="120.938395"><ele>3213.0</ele><time>2023-09-11T04:40:39Z</time></trkpt><trkpt lat="23.469285" lon="120.938236"><ele>3209.0</ele><time>2023-09-11T04:40:55Z</time></trkpt><trkpt lat="23.469302" lon="120.938167"><ele>3208.0</ele><time>2023-09-11T04:41:02Z</time></trkpt><trkpt lat="23.469305" lon="120.938099"><ele>3207.0</ele><time>2023-09-11T04:41:06Z</time></trkpt><trkpt lat="23.469263" lon="120.93796"><ele>3205.2</ele><time>2023-09-11T04:41:15Z</time></trkpt><trkpt lat="23.469267" lon="120.937908"><ele>3204.0</ele><time>2023-09-11T04:41:19Z</time></trkpt><trkpt lat="23.469255" lon="120.937818"><ele>3204.0</ele><time>2023-09-11T04:41:29Z</time></trkpt><trkpt lat="23.46919" lon="120.937772"><ele>3204.0</ele><time>2023-09-11T04:41:36Z</time></trkpt><trkpt lat="23.469171" lon="120.937748"><ele>3201.0</ele><time>2023-09-11T04:41:39Z</time></trkpt><trkpt lat="23.469107" lon="120.937636"><ele>3198.0</ele><time>2023-09-11T04:41:48Z</time></trkpt><trkpt lat="23.469034" lon="120.937442"><ele>3195.0</ele><time>2023-09-11T04:42:07Z</time></trkpt><trkpt lat="23.468989" lon="120.937429"><ele>3195.0</ele><time>2023-09-11T04:42:11Z</time></trkpt><trkpt lat="23.46894" lon="120.937298"><ele>3195.0</ele><time>2023-09-11T04:42:23Z</time></trkpt><trkpt lat="23.468883" lon="120.937189"><ele>3195.0</ele><time>2023-09-11T04:42:33Z</time></trkpt><trkpt lat="23.468877" lon="120.937154"><ele>3194.0</ele><time>2023-09-11T04:42:36Z</time></trkpt><trkpt lat="23.468792" lon="120.93704"><ele>3193.0</ele><time>2023-09-11T04:42:47Z</time></trkpt><trkpt lat="23.46877" lon="120.93698"><ele>3190.0</ele><time>2023-09-11T04:42:52Z</time></trkpt><trkpt lat="23.468746" lon="120.936944"><ele>3189.0</ele><time>2023-09-11T04:42:56Z</time></trkpt><trkpt lat="23.468721" lon="120.936803"><ele>3187.0</ele><time>2023-09-11T04:43:06Z</time></trkpt><trkpt lat="23.468743" lon="120.936659"><ele>3185.0</ele><time>2023-09-11T04:43:20Z</time></trkpt><trkpt lat="23.468716" lon="120.936508"><ele>3191.0</ele><time>2023-09-11T04:43:31Z</time></trkpt><trkpt lat="23.468733" lon="120.936399"><ele>3195.0</ele><time>2023-09-11T04:43:40Z</time></trkpt><trkpt lat="23.46872" lon="120.936375"><ele>3196.0</ele><time>2023-09-11T04:43:42Z</time></trkpt><trkpt lat="23.468637" lon="120.936307"><ele>3196.0</ele><time>2023-09-11T04:43:53Z</time></trkpt><trkpt lat="23.468505" lon="120.936221"><ele>3193.0</ele><time>2023-09-11T04:44:06Z</time></trkpt><trkpt lat="23.468429" lon="120.936237"><ele>3192.0</ele><time>2023-09-11T04:44:14Z</time></trkpt><trkpt lat="23.468357" lon="120.936221"><ele>3188.0</ele><time>2023-09-11T04:44:22Z</time></trkpt><trkpt lat="23.468275" lon="120.936125"><ele>3184.0</ele><time>2023-09-11T04:44:34Z</time></trkpt><trkpt lat="23.468162" lon="120.936052"><ele>3183.0</ele><time>2023-09-11T04:44:48Z</time></trkpt><trkpt lat="23.468132" lon="120.936046"><ele>3183.0</ele><time>2023-09-11T04:44:51Z</time></trkpt><trkpt lat="23.468104" lon="120.936027"><ele>3181.0</ele><time>2023-09-11T04:44:55Z</time></trkpt><trkpt lat="23.46801" lon="120.935919"><ele>3177.0</ele><time>2023-09-11T04:45:09Z</time></trkpt><trkpt lat="23.467982" lon="120.935842"><ele>3178.0</ele><time>2023-09-11T04:45:14Z</time></trkpt><trkpt lat="23.467881" lon="120.935731"><ele>3184.4</ele><time>2023-09-11T04:45:26Z</time></trkpt><trkpt lat="23.467813" lon="120.935704"><ele>3182.0</ele><time>2023-09-11T04:45:31Z</time></trkpt><trkpt lat="23.467689" lon="120.935616"><ele>3183.0</ele><time>2023-09-11T04:45:43Z</time></trkpt><trkpt lat="23.467552" lon="120.935579"><ele>3180.0</ele><time>2023-09-11T04:45:56Z</time></trkpt><trkpt lat="23.467441" lon="120.935519"><ele>3177.0</ele><time>2023-09-11T04:46:12Z</time></trkpt><trkpt lat="23.467405" lon="120.93553"><ele>3176.2</ele><time>2023-09-11T04:46:17Z</time></trkpt><trkpt lat="23.467351" lon="120.935531"><ele>3175.0</ele><time>2023-09-11T04:46:23Z</time></trkpt><trkpt lat="23.467198" lon="120.935466"><ele>3173.0</ele><time>2023-09-11T04:46:40Z</time></trkpt><trkpt lat="23.467152" lon="120.935416"><ele>3172.0</ele><time>2023-09-11T04:46:46Z</time></trkpt><trkpt lat="23.467118" lon="120.935426"><ele>3171.0</ele><time>2023-09-11T04:46:49Z</time></trkpt><trkpt lat="23.467071" lon="120.935387"><ele>3170.0</ele><time>2023-09-11T04:46:55Z</time></trkpt><trkpt lat="23.466903" lon="120.9353"><ele>3164.0</ele><time>2023-09-11T04:47:19Z</time></trkpt><trkpt lat="23.466844" lon="120.935248"><ele>3164.0</ele><time>2023-09-11T04:47:26Z</time></trkpt><trkpt lat="23.466809" lon="120.935145"><ele>3158.0</ele><time>2023-09-11T04:47:39Z</time></trkpt><trkpt lat="23.466808" lon="120.935103"><ele>3156.0</ele><time>2023-09-11T04:47:42Z</time></trkpt><trkpt lat="23.466826" lon="120.935066"><ele>3156.0</ele><time>2023-09-11T04:47:46Z</time></trkpt><trkpt lat="23.466923" lon="120.935018"><ele>3156.0</ele><time>2023-09-11T04:47:56Z</time></trkpt><trkpt lat="23.466989" lon="120.93491"><ele>3160.0</ele><time>2023-09-11T04:48:10Z</time></trkpt><trkpt lat="23.46702" lon="120.934891"><ele>3159.0</ele><time>2023-09-11T04:48:14Z</time></trkpt><trkpt lat="23.467133" lon="120.934749"><ele>3155.0</ele><time>2023-09-11T04:48:32Z</time></trkpt><trkpt lat="23.467168" lon="120.934737"><ele>3157.0</ele><time>2023-09-11T04:48:36Z</time></trkpt><trkpt lat="23.467242" lon="120.934629"><ele>3162.0</ele><time>2023-09-11T04:49:18Z</time></trkpt><trkpt lat="23.467298" lon="120.934571"><ele>3161.0</ele><time>2023-09-11T04:49:23Z</time></trkpt><trkpt lat="23.467344" lon="120.934551"><ele>3162.0</ele><time>2023-09-11T04:49:25Z</time></trkpt><trkpt lat="23.467438" lon="120.934539"><ele>3159.0</ele><time>2023-09-11T04:49:31Z</time></trkpt><trkpt lat="23.467458" lon="120.934491"><ele>3162.7</ele><time>2023-09-11T04:49:36Z</time></trkpt><trkpt lat="23.467446" lon="120.934422"><ele>3164.0</ele><time>2023-09-11T04:49:38Z</time></trkpt><trkpt lat="23.467466" lon="120.934394"><ele>3164.0</ele><time>2023-09-11T04:49:40Z</time></trkpt><trkpt lat="23.46746" lon="120.934362"><ele>3164.0</ele><time>2023-09-11T04:49:43Z</time></trkpt><trkpt lat="23.467403" lon="120.934307"><ele>3158.0</ele><time>2023-09-11T04:49:50Z</time></trkpt><trkpt lat="23.467371" lon="120.934247"><ele>3155.0</ele><time>2023-09-11T04:49:56Z</time></trkpt><trkpt lat="23.467363" lon="120.934209"><ele>3155.0</ele><time>2023-09-11T04:49:59Z</time></trkpt><trkpt lat="23.467395" lon="120.934075"><ele>3160.0</ele><time>2023-09-11T04:50:11Z</time></trkpt><trkpt lat="23.467386" lon="120.934038"><ele>3159.0</ele><time>2023-09-11T04:50:14Z</time></trkpt><trkpt lat="23.467397" lon="120.9339"><ele>3151.0</ele><time>2023-09-11T04:50:29Z</time></trkpt><trkpt lat="23.467426" lon="120.933855"><ele>3152.0</ele><time>2023-09-11T04:50:34Z</time></trkpt><trkpt lat="23.46741" lon="120.93381"><ele>3151.0</ele><time>2023-09-11T04:50:40Z</time></trkpt><trkpt lat="23.467344" lon="120.933746"><ele>3148.0</ele><time>2023-09-11T04:50:53Z</time></trkpt><trkpt lat="23.467331" lon="120.933709"><ele>3149.0</ele><time>2023-09-11T04:50:57Z</time></trkpt><trkpt lat="23.467289" lon="120.933649"><ele>3155.0</ele><time>2023-09-11T04:51:04Z</time></trkpt><trkpt lat="23.467267" lon="120.933545"><ele>3159.8</ele><time>2023-09-11T04:51:16Z</time></trkpt><trkpt lat="23.467289" lon="120.933413"><ele>3153.0</ele><time>2023-09-11T04:51:31Z</time></trkpt><trkpt lat="23.46728" lon="120.933378"><ele>3153.0</ele><time>2023-09-11T04:51:36Z</time></trkpt><trkpt lat="23.467225" lon="120.933331"><ele>3159.0</ele><time>2023-09-11T04:51:41Z</time></trkpt><trkpt lat="23.46706" lon="120.933128"><ele>3157.5</ele><time>2023-09-11T04:52:09Z</time></trkpt><trkpt lat="23.467021" lon="120.932926"><ele>3159.0</ele><time>2023-09-11T04:52:33Z</time></trkpt><trkpt lat="23.466904" lon="120.932793"><ele>3154.0</ele><time>2023-09-11T04:53:04Z</time></trkpt><trkpt lat="23.466873" lon="120.932776"><ele>3151.0</ele><time>2023-09-11T04:53:12Z</time></trkpt><trkpt lat="23.466762" lon="120.932741"><ele>3146.0</ele><time>2023-09-11T04:53:25Z</time></trkpt><trkpt lat="23.466725" lon="120.932742"><ele>3147.0</ele><time>2023-09-11T04:53:29Z</time></trkpt><trkpt lat="23.466702" lon="120.932721"><ele>3144.0</ele><time>2023-09-11T04:53:33Z</time></trkpt><trkpt lat="23.466602" lon="120.932703"><ele>3140.0</ele><time>2023-09-11T04:53:48Z</time></trkpt><trkpt lat="23.466502" lon="120.93272"><ele>3140.0</ele><time>2023-09-11T04:54:02Z</time></trkpt><trkpt lat="23.466392" lon="120.932628"><ele>3127.0</ele><time>2023-09-11T04:54:17Z</time></trkpt><trkpt lat="23.466239" lon="120.932566"><ele>3125.0</ele><time>2023-09-11T04:54:38Z</time></trkpt><trkpt lat="23.466233" lon="120.932534"><ele>3120.0</ele><time>2023-09-11T04:54:44Z</time></trkpt><trkpt lat="23.466253" lon="120.932489"><ele>3123.0</ele><time>2023-09-11T04:54:52Z</time></trkpt><trkpt lat="23.466238" lon="120.932455"><ele>3124.0</ele><time>2023-09-11T04:54:56Z</time></trkpt><trkpt lat="23.466095" lon="120.932338"><ele>3132.0</ele><time>2023-09-11T04:55:19Z</time></trkpt><trkpt lat="23.466056" lon="120.932353"><ele>3132.0</ele><time>2023-09-11T04:55:24Z</time></trkpt><trkpt lat="23.465996" lon="120.932312"><ele>3126.0</ele><time>2023-09-11T04:55:39Z</time></trkpt><trkpt lat="23.465981" lon="120.932285"><ele>3128.0</ele><time>2023-09-11T04:55:43Z</time></trkpt><trkpt lat="23.46593" lon="120.932239"><ele>3126.0</ele><time>2023-09-11T04:55:51Z</time></trkpt><trkpt lat="23.465893" lon="120.932243"><ele>3126.0</ele><time>2023-09-11T04:55:53Z</time></trkpt><trkpt lat="23.465886" lon="120.932212"><ele>3125.0</ele><time>2023-09-11T04:55:57Z</time></trkpt><trkpt lat="23.465847" lon="120.932209"><ele>3123.0</ele><time>2023-09-11T04:56:03Z</time></trkpt><trkpt lat="23.465817" lon="120.932195"><ele>3123.0</ele><time>2023-09-11T04:56:06Z</time></trkpt><trkpt lat="23.4658" lon="120.932142"><ele>3122.0</ele><time>2023-09-11T04:56:15Z</time></trkpt><trkpt lat="23.465758" lon="120.932146"><ele>3122.8</ele><time>2023-09-11T04:56:20Z</time></trkpt><trkpt lat="23.465691" lon="120.932132"><ele>3121.0</ele><time>2023-09-11T04:56:25Z</time></trkpt><trkpt lat="23.465561" lon="120.932064"><ele>3120.0</ele><time>2023-09-11T04:56:44Z</time></trkpt><trkpt lat="23.465376" lon="120.932007"><ele>3118.0</ele><time>2023-09-11T04:57:06Z</time></trkpt><trkpt lat="23.46527" lon="120.931984"><ele>3114.0</ele><time>2023-09-11T04:57:18Z</time></trkpt><trkpt lat="23.465179" lon="120.931932"><ele>3113.0</ele><time>2023-09-11T04:57:33Z</time></trkpt><trkpt lat="23.465226" lon="120.931863"><ele>3108.0</ele><time>2023-09-11T04:57:41Z</time></trkpt><trkpt lat="23.465223" lon="120.931822"><ele>3109.0</ele><time>2023-09-11T04:57:45Z</time></trkpt><trkpt lat="23.465244" lon="120.93179"><ele>3098.0</ele><time>2023-09-11T04:57:58Z</time></trkpt><trkpt lat="23.465196" lon="120.931741"><ele>3096.0</ele><time>2023-09-11T04:58:10Z</time></trkpt><trkpt lat="23.465184" lon="120.931779"><ele>3097.0</ele><time>2023-09-11T04:58:13Z</time></trkpt><trkpt lat="23.465208" lon="120.931802"><ele>3094.0</ele><time>2023-09-11T04:58:16Z</time></trkpt><trkpt lat="23.465206" lon="120.931833"><ele>3088.0</ele><time>2023-09-11T04:58:21Z</time></trkpt><trkpt lat="23.465185" lon="120.931803"><ele>3086.0</ele><time>2023-09-11T04:58:29Z</time></trkpt><trkpt lat="23.465111" lon="120.931835"><ele>3089.0</ele><time>2023-09-11T04:58:47Z</time></trkpt><trkpt lat="23.465112" lon="120.931868"><ele>3084.0</ele><time>2023-09-11T04:59:01Z</time></trkpt><trkpt lat="23.465088" lon="120.931886"><ele>3079.0</ele><time>2023-09-11T04:59:09Z</time></trkpt><trkpt lat="23.465055" lon="120.931975"><ele>3074.0</ele><time>2023-09-11T04:59:36Z</time></trkpt><trkpt lat="23.465033" lon="120.931976"><ele>3074.0</ele><time>2023-09-11T04:59:44Z</time></trkpt><trkpt lat="23.465031" lon="120.931946"><ele>3064.0</ele><time>2023-09-11T04:59:55Z</time></trkpt><trkpt lat="23.464977" lon="120.931913"><ele>3064.0</ele><time>2023-09-11T05:00:13Z</time></trkpt><trkpt lat="23.464975" lon="120.931939"><ele>3058.0</ele><time>2023-09-11T05:00:26Z</time></trkpt><trkpt lat="23.464926" lon="120.931928"><ele>3050.0</ele><time>2023-09-11T05:00:40Z</time></trkpt><trkpt lat="23.464902" lon="120.931905"><ele>3052.0</ele><time>2023-09-11T05:00:50Z</time></trkpt><trkpt lat="23.464846" lon="120.931914"><ele>3055.0</ele><time>2023-09-11T05:00:59Z</time></trkpt><trkpt lat="23.464821" lon="120.931892"><ele>3056.0</ele><time>2023-09-11T05:01:03Z</time></trkpt><trkpt lat="23.464816" lon="120.931857"><ele>3057.0</ele><time>2023-09-11T05:01:06Z</time></trkpt><trkpt lat="23.464839" lon="120.931806"><ele>3046.0</ele><time>2023-09-11T05:01:12Z</time></trkpt><trkpt lat="23.464831" lon="120.931765"><ele>3043.0</ele><time>2023-09-11T05:01:14Z</time></trkpt><trkpt lat="23.464702" lon="120.931677"><ele>3048.0</ele><time>2023-09-11T05:01:24Z</time></trkpt><trkpt lat="23.464698" lon="120.931639"><ele>3044.0</ele><time>2023-09-11T05:01:28Z</time></trkpt><trkpt lat="23.464678" lon="120.931611"><ele>3040.0</ele><time>2023-09-11T05:01:31Z</time></trkpt><trkpt lat="23.464642" lon="120.931595"><ele>3042.0</ele><time>2023-09-11T05:01:34Z</time></trkpt><trkpt lat="23.464619" lon="120.931569"><ele>3040.0</ele><time>2023-09-11T05:01:37Z</time></trkpt><trkpt lat="23.464612" lon="120.931539"><ele>3041.0</ele><time>2023-09-11T05:01:40Z</time></trkpt><trkpt lat="23.46462" lon="120.931503"><ele>3043.0</ele><time>2023-09-11T05:01:43Z</time></trkpt><trkpt lat="23.464702" lon="120.93139"><ele>3052.0</ele><time>2023-09-11T05:02:06Z</time></trkpt><trkpt lat="23.464716" lon="120.931286"><ele>3047.0</ele><time>2023-09-11T05:02:21Z</time></trkpt><trkpt lat="23.464698" lon="120.931218"><ele>3042.0</ele><time>2023-09-11T05:02:29Z</time></trkpt><trkpt lat="23.464643" lon="120.93118"><ele>3042.0</ele><time>2023-09-11T05:02:36Z</time></trkpt><trkpt lat="23.464553" lon="120.931088"><ele>3035.0</ele><time>2023-09-11T05:02:49Z</time></trkpt><trkpt lat="23.46448" lon="120.93096"><ele>3043.0</ele><time>2023-09-11T05:03:01Z</time></trkpt><trkpt lat="23.464445" lon="120.930947"><ele>3044.0</ele><time>2023-09-11T05:03:04Z</time></trkpt><trkpt lat="23.464348" lon="120.930955"><ele>3047.0</ele><time>2023-09-11T05:03:13Z</time></trkpt><trkpt lat="23.464281" lon="120.930943"><ele>3048.0</ele><time>2023-09-11T05:03:19Z</time></trkpt><trkpt lat="23.464252" lon="120.930921"><ele>3048.0</ele><time>2023-09-11T05:03:22Z</time></trkpt><trkpt lat="23.464216" lon="120.930854"><ele>3044.0</ele><time>2023-09-11T05:03:29Z</time></trkpt><trkpt lat="23.464213" lon="120.930759"><ele>3042.0</ele><time>2023-09-11T05:03:40Z</time></trkpt><trkpt lat="23.464175" lon="120.930728"><ele>3042.0</ele><time>2023-09-11T05:03:44Z</time></trkpt><trkpt lat="23.464161" lon="120.930705"><ele>3042.0</ele><time>2023-09-11T05:03:46Z</time></trkpt><trkpt lat="23.464102" lon="120.930693"><ele>3042.0</ele><time>2023-09-11T05:03:50Z</time></trkpt><trkpt lat="23.464073" lon="120.930672"><ele>3044.0</ele><time>2023-09-11T05:03:53Z</time></trkpt><trkpt lat="23.463975" lon="120.930666"><ele>3048.0</ele><time>2023-09-11T05:04:04Z</time></trkpt><trkpt lat="23.463919" lon="120.930634"><ele>3043.0</ele><time>2023-09-11T05:04:15Z</time></trkpt><trkpt lat="23.463912" lon="120.930592"><ele>3041.0</ele><time>2023-09-11T05:04:18Z</time></trkpt><trkpt lat="23.463925" lon="120.930526"><ele>3036.0</ele><time>2023-09-11T05:04:25Z</time></trkpt><trkpt lat="23.464066" lon="120.930346"><ele>3040.0</ele><time>2023-09-11T05:04:49Z</time></trkpt><trkpt lat="23.46408" lon="120.930278"><ele>3042.0</ele><time>2023-09-11T05:04:57Z</time></trkpt><trkpt lat="23.464181" lon="120.930159"><ele>3040.0</ele><time>2023-09-11T05:05:07Z</time></trkpt><trkpt lat="23.464234" lon="120.930117"><ele>3040.0</ele><time>2023-09-11T05:05:14Z</time></trkpt><trkpt lat="23.464295" lon="120.930091"><ele>3040.0</ele><time>2023-09-11T05:05:23Z</time></trkpt><trkpt lat="23.464374" lon="120.930112"><ele>3039.0</ele><time>2023-09-11T05:05:32Z</time></trkpt><trkpt lat="23.464497" lon="120.930042"><ele>3040.0</ele><time>2023-09-11T05:05:47Z</time></trkpt><trkpt lat="23.464529" lon="120.930006"><ele>3039.0</ele><time>2023-09-11T05:05:51Z</time></trkpt><trkpt lat="23.464719" lon="120.929924"><ele>3039.0</ele><time>2023-09-11T05:06:11Z</time></trkpt><trkpt lat="23.464745" lon="120.9299"><ele>3039.0</ele><time>2023-09-11T05:06:14Z</time></trkpt><trkpt lat="23.464748" lon="120.929877"><ele>3040.0</ele><time>2023-09-11T05:06:16Z</time></trkpt><trkpt lat="23.464811" lon="120.929767"><ele>3039.0</ele><time>2023-09-11T05:06:30Z</time></trkpt><trkpt lat="23.464825" lon="120.929645"><ele>3039.0</ele><time>2023-09-11T05:06:40Z</time></trkpt><trkpt lat="23.46486" lon="120.929587"><ele>3036.0</ele><time>2023-09-11T05:06:46Z</time></trkpt><trkpt lat="23.464891" lon="120.929576"><ele>3033.0</ele><time>2023-09-11T05:06:50Z</time></trkpt><trkpt lat="23.464989" lon="120.929582"><ele>3032.0</ele><time>2023-09-11T05:07:00Z</time></trkpt><trkpt lat="23.465039" lon="120.929534"><ele>3032.0</ele><time>2023-09-11T05:07:06Z</time></trkpt><trkpt lat="23.465113" lon="120.929423"><ele>3030.0</ele><time>2023-09-11T05:07:19Z</time></trkpt><trkpt lat="23.465222" lon="120.92932"><ele>3029.0</ele><time>2023-09-11T05:07:36Z</time></trkpt><trkpt lat="23.465257" lon="120.929311"><ele>3030.0</ele><time>2023-09-11T05:07:41Z</time></trkpt><trkpt lat="23.465314" lon="120.929264"><ele>3028.0</ele><time>2023-09-11T05:07:48Z</time></trkpt><trkpt lat="23.465335" lon="120.929233"><ele>3030.0</ele><time>2023-09-11T05:07:51Z</time></trkpt><trkpt lat="23.465333" lon="120.92919"><ele>3030.0</ele><time>2023-09-11T05:07:55Z</time></trkpt><trkpt lat="23.465356" lon="120.929169"><ele>3030.0</ele><time>2023-09-11T05:07:57Z</time></trkpt><trkpt lat="23.465368" lon="120.929134"><ele>3028.0</ele><time>2023-09-11T05:08:01Z</time></trkpt><trkpt lat="23.465366" lon="120.929064"><ele>3028.0</ele><time>2023-09-11T05:08:09Z</time></trkpt><trkpt lat="23.465392" lon="120.92903"><ele>3028.0</ele><time>2023-09-11T05:08:12Z</time></trkpt><trkpt lat="23.465401" lon="120.928957"><ele>3029.0</ele><time>2023-09-11T05:08:17Z</time></trkpt><trkpt lat="23.46542" lon="120.928929"><ele>3027.0</ele><time>2023-09-11T05:08:20Z</time></trkpt><trkpt lat="23.465469" lon="120.928871"><ele>3021.0</ele><time>2023-09-11T05:08:27Z</time></trkpt><trkpt lat="23.465501" lon="120.928853"><ele>3020.0</ele><time>2023-09-11T05:08:29Z</time></trkpt><trkpt lat="23.465548" lon="120.928807"><ele>3018.0</ele><time>2023-09-11T05:08:35Z</time></trkpt><trkpt lat="23.465565" lon="120.928778"><ele>3018.0</ele><time>2023-09-11T05:08:37Z</time></trkpt><trkpt lat="23.465672" lon="120.928716"><ele>3017.9</ele><time>2023-09-11T05:08:51Z</time></trkpt><trkpt lat="23.465694" lon="120.928713"><ele>3015.0</ele><time>2023-09-11T05:08:54Z</time></trkpt><trkpt lat="23.465759" lon="120.928604"><ele>3016.0</ele><time>2023-09-11T05:09:08Z</time></trkpt><trkpt lat="23.465811" lon="120.928582"><ele>3017.0</ele><time>2023-09-11T05:09:13Z</time></trkpt><trkpt lat="23.465845" lon="120.928446"><ele>3015.0</ele><time>2023-09-11T05:09:25Z</time></trkpt><trkpt lat="23.465871" lon="120.928417"><ele>3014.0</ele><time>2023-09-11T05:09:27Z</time></trkpt><trkpt lat="23.465929" lon="120.92839"><ele>3012.0</ele><time>2023-09-11T05:09:32Z</time></trkpt><trkpt lat="23.465968" lon="120.92833"><ele>3010.0</ele><time>2023-09-11T05:09:36Z</time></trkpt><trkpt lat="23.465983" lon="120.928285"><ele>3012.2</ele><time>2023-09-11T05:09:39Z</time></trkpt><trkpt lat="23.466038" lon="120.928247"><ele>3009.0</ele><time>2023-09-11T05:09:44Z</time></trkpt><trkpt lat="23.466048" lon="120.928214"><ele>3010.0</ele><time>2023-09-11T05:09:46Z</time></trkpt><trkpt lat="23.466038" lon="120.928151"><ele>3012.0</ele><time>2023-09-11T05:09:52Z</time></trkpt><trkpt lat="23.466127" lon="120.927975"><ele>3009.0</ele><time>2023-09-11T05:10:06Z</time></trkpt><trkpt lat="23.46614" lon="120.927823"><ele>3009.0</ele><time>2023-09-11T05:10:22Z</time></trkpt><trkpt lat="23.466136" lon="120.927754"><ele>3010.0</ele><time>2023-09-11T05:10:26Z</time></trkpt><trkpt lat="23.46615" lon="120.927714"><ele>3010.0</ele><time>2023-09-11T05:10:29Z</time></trkpt><trkpt lat="23.466206" lon="120.927677"><ele>3006.0</ele><time>2023-09-11T05:10:34Z</time></trkpt><trkpt lat="23.466242" lon="120.927607"><ele>3003.0</ele><time>2023-09-11T05:10:40Z</time></trkpt><trkpt lat="23.466378" lon="120.927422"><ele>2998.0</ele><time>2023-09-11T05:11:54Z</time></trkpt><trkpt lat="23.466386" lon="120.927385"><ele>2998.0</ele><time>2023-09-11T05:11:56Z</time></trkpt><trkpt lat="23.466441" lon="120.927349"><ele>2999.0</ele><time>2023-09-11T05:12:01Z</time></trkpt><trkpt lat="23.466472" lon="120.927301"><ele>3000.0</ele><time>2023-09-11T05:12:06Z</time></trkpt><trkpt lat="23.466605" lon="120.927164"><ele>3000.0</ele><time>2023-09-11T05:12:24Z</time></trkpt><trkpt lat="23.46669" lon="120.927034"><ele>3000.0</ele><time>2023-09-11T05:12:38Z</time></trkpt><trkpt lat="23.466753" lon="120.926802"><ele>2996.0</ele><time>2023-09-11T05:12:56Z</time></trkpt><trkpt lat="23.466796" lon="120.926764"><ele>2994.0</ele><time>2023-09-11T05:13:00Z</time></trkpt><trkpt lat="23.466839" lon="120.926768"><ele>2990.0</ele><time>2023-09-11T05:13:03Z</time></trkpt><trkpt lat="23.46694" lon="120.926686"><ele>2986.0</ele><time>2023-09-11T05:13:16Z</time></trkpt><trkpt lat="23.466956" lon="120.926656"><ele>2988.0</ele><time>2023-09-11T05:13:19Z</time></trkpt><trkpt lat="23.467007" lon="120.926608"><ele>2986.0</ele><time>2023-09-11T05:13:24Z</time></trkpt><trkpt lat="23.467037" lon="120.926553"><ele>2985.0</ele><time>2023-09-11T05:13:29Z</time></trkpt><trkpt lat="23.467202" lon="120.926468"><ele>2983.0</ele><time>2023-09-11T05:13:49Z</time></trkpt><trkpt lat="23.467241" lon="120.926422"><ele>2981.0</ele><time>2023-09-11T05:13:53Z</time></trkpt><trkpt lat="23.467392" lon="120.926343"><ele>2975.0</ele><time>2023-09-11T05:14:10Z</time></trkpt><trkpt lat="23.467426" lon="120.92634"><ele>2982.0</ele><time>2023-09-11T05:14:15Z</time></trkpt><trkpt lat="23.467504" lon="120.926401"><ele>2976.0</ele><time>2023-09-11T05:14:25Z</time></trkpt><trkpt lat="23.467574" lon="120.926436"><ele>2979.0</ele><time>2023-09-11T05:14:34Z</time></trkpt><trkpt lat="23.467716" lon="120.926424"><ele>2985.0</ele><time>2023-09-11T05:14:47Z</time></trkpt><trkpt lat="23.46788" lon="120.926456"><ele>2988.0</ele><time>2023-09-11T05:15:02Z</time></trkpt><trkpt lat="23.467886" lon="120.926382"><ele>2988.0</ele><time>2023-09-11T05:15:12Z</time></trkpt><trkpt lat="23.467934" lon="120.92628"><ele>2988.0</ele><time>2023-09-11T05:15:19Z</time></trkpt><trkpt lat="23.468032" lon="120.926145"><ele>2980.0</ele><time>2023-09-11T05:15:36Z</time></trkpt><trkpt lat="23.468049" lon="120.926105"><ele>2978.0</ele><time>2023-09-11T05:15:40Z</time></trkpt><trkpt lat="23.468097" lon="120.926061"><ele>2976.0</ele><time>2023-09-11T05:15:44Z</time></trkpt><trkpt lat="23.46823" lon="120.926031"><ele>2970.0</ele><time>2023-09-11T05:16:02Z</time></trkpt><trkpt lat="23.468276" lon="120.925977"><ele>2969.0</ele><time>2023-09-11T05:16:08Z</time></trkpt><trkpt lat="23.468373" lon="120.925953"><ele>2970.0</ele><time>2023-09-11T05:16:16Z</time></trkpt><trkpt lat="23.468415" lon="120.925895"><ele>2970.0</ele><time>2023-09-11T05:16:27Z</time></trkpt><trkpt lat="23.468429" lon="120.925836"><ele>2972.0</ele><time>2023-09-11T05:16:39Z</time></trkpt><trkpt lat="23.468451" lon="120.92581"><ele>2970.0</ele><time>2023-09-11T05:16:42Z</time></trkpt><trkpt lat="23.468469" lon="120.925739"><ele>2968.0</ele><time>2023-09-11T05:16:49Z</time></trkpt><trkpt lat="23.468459" lon="120.925663"><ele>2970.0</ele><time>2023-09-11T05:16:56Z</time></trkpt><trkpt lat="23.468469" lon="120.925591"><ele>2968.0</ele><time>2023-09-11T05:17:03Z</time></trkpt><trkpt lat="23.468496" lon="120.925549"><ele>2968.0</ele><time>2023-09-11T05:17:09Z</time></trkpt><trkpt lat="23.468629" lon="120.925578"><ele>2963.0</ele><time>2023-09-11T05:17:30Z</time></trkpt><trkpt lat="23.468699" lon="120.925575"><ele>2962.0</ele><time>2023-09-11T05:17:35Z</time></trkpt><trkpt lat="23.468905" lon="120.925507"><ele>2961.0</ele><time>2023-09-11T05:17:53Z</time></trkpt><trkpt lat="23.46896" lon="120.92546"><ele>2961.0</ele><time>2023-09-11T05:17:59Z</time></trkpt><trkpt lat="23.469023" lon="120.925423"><ele>2963.0</ele><time>2023-09-11T05:18:04Z</time></trkpt><trkpt lat="23.469076" lon="120.925414"><ele>2962.2</ele><time>2023-09-11T05:18:09Z</time></trkpt><trkpt lat="23.469102" lon="120.925399"><ele>2960.0</ele><time>2023-09-11T05:18:11Z</time></trkpt><trkpt lat="23.469238" lon="120.92536"><ele>2960.0</ele><time>2023-09-11T05:18:26Z</time></trkpt><trkpt lat="23.469294" lon="120.925304"><ele>2961.0</ele><time>2023-09-11T05:18:32Z</time></trkpt><trkpt lat="23.46933" lon="120.925284"><ele>2961.0</ele><time>2023-09-11T05:18:35Z</time></trkpt><trkpt lat="23.469365" lon="120.925272"><ele>2961.0</ele><time>2023-09-11T05:18:38Z</time></trkpt><trkpt lat="23.469439" lon="120.925268"><ele>2960.0</ele><time>2023-09-11T05:18:45Z</time></trkpt><trkpt lat="23.46954" lon="120.925229"><ele>2962.9</ele><time>2023-09-11T05:18:58Z</time></trkpt><trkpt lat="23.469603" lon="120.925179"><ele>2964.0</ele><time>2023-09-11T05:19:10Z</time></trkpt><trkpt lat="23.46963" lon="120.92518"><ele>2964.0</ele><time>2023-09-11T05:19:17Z</time></trkpt><trkpt lat="23.469669" lon="120.925163"><ele>2965.0</ele><time>2023-09-11T05:19:22Z</time></trkpt><trkpt lat="23.469674" lon="120.925128"><ele>2964.0</ele><time>2023-09-11T05:19:27Z</time></trkpt><trkpt lat="23.469855" lon="120.925044"><ele>2962.0</ele><time>2023-09-11T05:19:46Z</time></trkpt><trkpt lat="23.469925" lon="120.925047"><ele>2960.0</ele><time>2023-09-11T05:20:00Z</time></trkpt><trkpt lat="23.469971" lon="120.925064"><ele>2961.7</ele><time>2023-09-11T05:20:05Z</time></trkpt><trkpt lat="23.470066" lon="120.92505"><ele>2960.0</ele><time>2023-09-11T05:20:15Z</time></trkpt><trkpt lat="23.470122" lon="120.924993"><ele>2960.0</ele><time>2023-09-11T05:20:24Z</time></trkpt><trkpt lat="23.470195" lon="120.924953"><ele>2961.0</ele><time>2023-09-11T05:20:35Z</time></trkpt><trkpt lat="23.470256" lon="120.924853"><ele>2960.0</ele><time>2023-09-11T05:20:52Z</time></trkpt><trkpt lat="23.470295" lon="120.924878"><ele>2958.0</ele><time>2023-09-11T05:20:56Z</time></trkpt><trkpt lat="23.470427" lon="120.924777"><ele>2958.0</ele><time>2023-09-11T05:21:17Z</time></trkpt><trkpt lat="23.4705" lon="120.924746"><ele>2955.0</ele><time>2023-09-11T05:21:23Z</time></trkpt><trkpt lat="23.470531" lon="120.924712"><ele>2956.0</ele><time>2023-09-11T05:21:25Z</time></trkpt><trkpt lat="23.470673" lon="120.924677"><ele>2955.0</ele><time>2023-09-11T05:21:41Z</time></trkpt><trkpt lat="23.470694" lon="120.92471"><ele>2956.0</ele><time>2023-09-11T05:21:44Z</time></trkpt><trkpt lat="23.470733" lon="120.924703"><ele>2954.0</ele><time>2023-09-11T05:21:48Z</time></trkpt><trkpt lat="23.470803" lon="120.924669"><ele>2955.0</ele><time>2023-09-11T05:21:58Z</time></trkpt><trkpt lat="23.470844" lon="120.924678"><ele>2955.0</ele><time>2023-09-11T05:22:02Z</time></trkpt><trkpt lat="23.470892" lon="120.924635"><ele>2956.0</ele><time>2023-09-11T05:22:06Z</time></trkpt><trkpt lat="23.470933" lon="120.924579"><ele>2953.0</ele><time>2023-09-11T05:22:12Z</time></trkpt><trkpt lat="23.470987" lon="120.924551"><ele>2952.0</ele><time>2023-09-11T05:22:17Z</time></trkpt><trkpt lat="23.471059" lon="120.924472"><ele>2949.0</ele><time>2023-09-11T05:22:28Z</time></trkpt><trkpt lat="23.471072" lon="120.924421"><ele>2949.0</ele><time>2023-09-11T05:22:33Z</time></trkpt><trkpt lat="23.471035" lon="120.924386"><ele>2949.5</ele><time>2023-09-11T05:22:48Z</time></trkpt><trkpt lat="23.471038" lon="120.924418"><ele>2946.0</ele><time>2023-09-11T05:22:51Z</time></trkpt><trkpt lat="23.471103" lon="120.924347"><ele>2944.0</ele><time>2023-09-11T05:23:02Z</time></trkpt><trkpt lat="23.471133" lon="120.92433"><ele>2944.0</ele><time>2023-09-11T05:23:06Z</time></trkpt><trkpt lat="23.471159" lon="120.924279"><ele>2943.0</ele><time>2023-09-11T05:23:10Z</time></trkpt><trkpt lat="23.471208" lon="120.924258"><ele>2942.0</ele><time>2023-09-11T05:23:15Z</time></trkpt><trkpt lat="23.471251" lon="120.924193"><ele>2940.0</ele><time>2023-09-11T05:23:21Z</time></trkpt><trkpt lat="23.471288" lon="120.924209"><ele>2939.0</ele><time>2023-09-11T05:23:24Z</time></trkpt><trkpt lat="23.471364" lon="120.924208"><ele>2934.0</ele><time>2023-09-11T05:23:31Z</time></trkpt><trkpt lat="23.471425" lon="120.924161"><ele>2934.0</ele><time>2023-09-11T05:23:38Z</time></trkpt><trkpt lat="23.471559" lon="120.924157"><ele>2931.0</ele><time>2023-09-11T05:23:53Z</time></trkpt><trkpt lat="23.471603" lon="120.924137"><ele>2936.0</ele><time>2023-09-11T05:24:09Z</time></trkpt><trkpt lat="23.471616" lon="120.924089"><ele>2940.0</ele><time>2023-09-11T05:24:22Z</time></trkpt><trkpt lat="23.471664" lon="120.92411"><ele>2940.0</ele><time>2023-09-11T05:24:26Z</time></trkpt><trkpt lat="23.471738" lon="120.924069"><ele>2940.0</ele><time>2023-09-11T05:24:33Z</time></trkpt><trkpt lat="23.471746" lon="120.924039"><ele>2943.0</ele><time>2023-09-11T05:24:37Z</time></trkpt><trkpt lat="23.471774" lon="120.924009"><ele>2944.0</ele><time>2023-09-11T05:24:40Z</time></trkpt><trkpt lat="23.47178" lon="120.923967"><ele>2946.0</ele><time>2023-09-11T05:24:43Z</time></trkpt><trkpt lat="23.471612" lon="120.923882"><ele>2944.0</ele><time>2023-09-11T05:25:00Z</time></trkpt><trkpt lat="23.471586" lon="120.92385"><ele>2942.0</ele><time>2023-09-11T05:25:06Z</time></trkpt><trkpt lat="23.471615" lon="120.923789"><ele>2939.0</ele><time>2023-09-11T05:25:11Z</time></trkpt><trkpt lat="23.471655" lon="120.923739"><ele>2935.0</ele><time>2023-09-11T05:25:18Z</time></trkpt><trkpt lat="23.471656" lon="120.923706"><ele>2935.0</ele><time>2023-09-11T05:25:20Z</time></trkpt><trkpt lat="23.471686" lon="120.923704"><ele>2934.0</ele><time>2023-09-11T05:25:24Z</time></trkpt><trkpt lat="23.471717" lon="120.923649"><ele>2935.0</ele><time>2023-09-11T05:25:35Z</time></trkpt><trkpt lat="23.471778" lon="120.923621"><ele>2936.0</ele><time>2023-09-11T05:25:40Z</time></trkpt><trkpt lat="23.471793" lon="120.923525"><ele>2936.0</ele><time>2023-09-11T05:25:45Z</time></trkpt><trkpt lat="23.471833" lon="120.923453"><ele>2936.0</ele><time>2023-09-11T05:25:53Z</time></trkpt><trkpt lat="23.471784" lon="120.923367"><ele>2934.0</ele><time>2023-09-11T05:26:04Z</time></trkpt><trkpt lat="23.471751" lon="120.923347"><ele>2935.0</ele><time>2023-09-11T05:26:10Z</time></trkpt><trkpt lat="23.471724" lon="120.923403"><ele>2930.0</ele><time>2023-09-11T05:26:18Z</time></trkpt><trkpt lat="23.471693" lon="120.923387"><ele>2929.0</ele><time>2023-09-11T05:26:20Z</time></trkpt><trkpt lat="23.471641" lon="120.923329"><ele>2925.0</ele><time>2023-09-11T05:26:27Z</time></trkpt><trkpt lat="23.471635" lon="120.923291"><ele>2919.0</ele><time>2023-09-11T05:26:35Z</time></trkpt><trkpt lat="23.471674" lon="120.923285"><ele>2918.0</ele><time>2023-09-11T05:26:40Z</time></trkpt><trkpt lat="23.471682" lon="120.923255"><ele>2918.0</ele><time>2023-09-11T05:26:43Z</time></trkpt><trkpt lat="23.471621" lon="120.923184"><ele>2917.0</ele><time>2023-09-11T05:26:47Z</time></trkpt><trkpt lat="23.471632" lon="120.923109"><ele>2915.0</ele><time>2023-09-11T05:26:54Z</time></trkpt><trkpt lat="23.471606" lon="120.923082"><ele>2913.0</ele><time>2023-09-11T05:26:58Z</time></trkpt><trkpt lat="23.471574" lon="120.922971"><ele>2910.0</ele><time>2023-09-11T05:27:05Z</time></trkpt><trkpt lat="23.471638" lon="120.922979"><ele>2907.0</ele><time>2023-09-11T05:27:14Z</time></trkpt><trkpt lat="23.471631" lon="120.923015"><ele>2900.0</ele><time>2023-09-11T05:27:21Z</time></trkpt><trkpt lat="23.471597" lon="120.923051"><ele>2906.0</ele><time>2023-09-11T05:27:29Z</time></trkpt><trkpt lat="23.471556" lon="120.922998"><ele>2906.9</ele><time>2023-09-11T05:27:39Z</time></trkpt><trkpt lat="23.471616" lon="120.923026"><ele>2904.0</ele><time>2023-09-11T05:27:41Z</time></trkpt><trkpt lat="23.471636" lon="120.922984"><ele>2904.0</ele><time>2023-09-11T05:27:46Z</time></trkpt><trkpt lat="23.471691" lon="120.922937"><ele>2903.0</ele><time>2023-09-11T05:27:51Z</time></trkpt><trkpt lat="23.47178" lon="120.922779"><ele>2902.0</ele><time>2023-09-11T05:28:07Z</time></trkpt><trkpt lat="23.471827" lon="120.922724"><ele>2905.0</ele><time>2023-09-11T05:28:14Z</time></trkpt><trkpt lat="23.47187" lon="120.922749"><ele>2904.0</ele><time>2023-09-11T05:28:19Z</time></trkpt><trkpt lat="23.471889" lon="120.922787"><ele>2904.0</ele><time>2023-09-11T05:28:21Z</time></trkpt><trkpt lat="23.471895" lon="120.922761"><ele>2905.1</ele><time>2023-09-11T05:28:24Z</time></trkpt><trkpt lat="23.471998" lon="120.922724"><ele>2906.0</ele><time>2023-09-11T05:28:31Z</time></trkpt><trkpt lat="23.472042" lon="120.92267"><ele>2910.0</ele><time>2023-09-11T05:28:36Z</time></trkpt><trkpt lat="23.472076" lon="120.922596"><ele>2913.0</ele><time>2023-09-11T05:28:41Z</time></trkpt><trkpt lat="23.472104" lon="120.922583"><ele>2912.0</ele><time>2023-09-11T05:28:43Z</time></trkpt><trkpt lat="23.472159" lon="120.922486"><ele>2912.0</ele><time>2023-09-11T05:28:52Z</time></trkpt><trkpt lat="23.472214" lon="120.922443"><ele>2912.0</ele><time>2023-09-11T05:29:00Z</time></trkpt><trkpt lat="23.472224" lon="120.922378"><ele>2912.0</ele><time>2023-09-11T05:29:10Z</time></trkpt><trkpt lat="23.4722" lon="120.922311"><ele>2910.0</ele><time>2023-09-11T05:29:18Z</time></trkpt><trkpt lat="23.472258" lon="120.922265"><ele>2906.0</ele><time>2023-09-11T05:29:24Z</time></trkpt><trkpt lat="23.472338" lon="120.92226"><ele>2904.0</ele><time>2023-09-11T05:29:31Z</time></trkpt><trkpt lat="23.472344" lon="120.922186"><ele>2904.8</ele><time>2023-09-11T05:29:34Z</time></trkpt><trkpt lat="23.472326" lon="120.922152"><ele>2906.0</ele><time>2023-09-11T05:29:35Z</time></trkpt><trkpt lat="23.472331" lon="120.92212"><ele>2907.0</ele><time>2023-09-11T05:29:38Z</time></trkpt><trkpt lat="23.472387" lon="120.922084"><ele>2904.0</ele><time>2023-09-11T05:29:44Z</time></trkpt><trkpt lat="23.472417" lon="120.92202"><ele>2904.0</ele><time>2023-09-11T05:29:48Z</time></trkpt><trkpt lat="23.472398" lon="120.921964"><ele>2910.0</ele><time>2023-09-11T05:29:54Z</time></trkpt><trkpt lat="23.472485" lon="120.921909"><ele>2906.0</ele><time>2023-09-11T05:30:00Z</time></trkpt><trkpt lat="23.472514" lon="120.921903"><ele>2906.0</ele><time>2023-09-11T05:30:03Z</time></trkpt><trkpt lat="23.472622" lon="120.921756"><ele>2900.0</ele><time>2023-09-11T05:30:22Z</time></trkpt><trkpt lat="23.472541" lon="120.921674"><ele>2904.0</ele><time>2023-09-11T05:30:33Z</time></trkpt><trkpt lat="23.472469" lon="120.921669"><ele>2904.0</ele><time>2023-09-11T05:30:43Z</time></trkpt><trkpt lat="23.472438" lon="120.921686"><ele>2900.0</ele><time>2023-09-11T05:30:47Z</time></trkpt><trkpt lat="23.472424" lon="120.921708"><ele>2898.0</ele><time>2023-09-11T05:30:51Z</time></trkpt><trkpt lat="23.472304" lon="120.921674"><ele>2897.6</ele><time>2023-09-11T05:31:04Z</time></trkpt><trkpt lat="23.472228" lon="120.921622"><ele>2893.0</ele><time>2023-09-11T05:31:14Z</time></trkpt><trkpt lat="23.472281" lon="120.921581"><ele>2885.0</ele><time>2023-09-11T05:31:19Z</time></trkpt><trkpt lat="23.4722" lon="120.921562"><ele>2883.0</ele><time>2023-09-11T05:31:27Z</time></trkpt><trkpt lat="23.472208" lon="120.921498"><ele>2876.0</ele><time>2023-09-11T05:31:34Z</time></trkpt><trkpt lat="23.4722" lon="120.921459"><ele>2876.5</ele><time>2023-09-11T05:31:40Z</time></trkpt><trkpt lat="23.472166" lon="120.921462"><ele>2876.9</ele><time>2023-09-11T05:31:41Z</time></trkpt><trkpt lat="23.472135" lon="120.921453"><ele>2877.4</ele><time>2023-09-11T05:31:42Z</time></trkpt><trkpt lat="23.472126" lon="120.921405"><ele>2874.0</ele><time>2023-09-11T05:31:45Z</time></trkpt><trkpt lat="23.472232" lon="120.921365"><ele>2875.0</ele><time>2023-09-11T05:32:04Z</time></trkpt><trkpt lat="23.472228" lon="120.921278"><ele>2878.0</ele><time>2023-09-11T05:32:12Z</time></trkpt><trkpt lat="23.472113" lon="120.921172"><ele>2878.0</ele><time>2023-09-11T05:32:30Z</time></trkpt><trkpt lat="23.471993" lon="120.921026"><ele>2874.0</ele><time>2023-09-11T05:32:47Z</time></trkpt><trkpt lat="23.471917" lon="120.920984"><ele>2874.0</ele><time>2023-09-11T05:32:53Z</time></trkpt><trkpt lat="23.471807" lon="120.921"><ele>2874.0</ele><time>2023-09-11T05:33:02Z</time></trkpt><trkpt lat="23.471779" lon="120.921016"><ele>2875.0</ele><time>2023-09-11T05:33:04Z</time></trkpt><trkpt lat="23.471758" lon="120.920993"><ele>2870.0</ele><time>2023-09-11T05:33:12Z</time></trkpt><trkpt lat="23.471726" lon="120.921013"><ele>2873.9</ele><time>2023-09-11T05:33:20Z</time></trkpt><trkpt lat="23.4717" lon="120.921014"><ele>2873.0</ele><time>2023-09-11T05:33:21Z</time></trkpt><trkpt lat="23.471642" lon="120.920968"><ele>2872.0</ele><time>2023-09-11T05:33:27Z</time></trkpt><trkpt lat="23.471642" lon="120.920926"><ele>2866.0</ele><time>2023-09-11T05:33:30Z</time></trkpt><trkpt lat="23.471582" lon="120.920824"><ele>2855.0</ele><time>2023-09-11T05:33:45Z</time></trkpt><trkpt lat="23.471538" lon="120.920811"><ele>2857.0</ele><time>2023-09-11T05:33:49Z</time></trkpt><trkpt lat="23.471527" lon="120.920774"><ele>2858.0</ele><time>2023-09-11T05:33:53Z</time></trkpt><trkpt lat="23.471537" lon="120.920741"><ele>2856.0</ele><time>2023-09-11T05:33:56Z</time></trkpt><trkpt lat="23.471562" lon="120.92071"><ele>2856.0</ele><time>2023-09-11T05:34:00Z</time></trkpt><trkpt lat="23.471592" lon="120.9207"><ele>2857.0</ele><time>2023-09-11T05:34:03Z</time></trkpt><trkpt lat="23.471637" lon="120.920658"><ele>2861.0</ele><time>2023-09-11T05:34:10Z</time></trkpt><trkpt lat="23.471704" lon="120.920615"><ele>2862.0</ele><time>2023-09-11T05:34:19Z</time></trkpt><trkpt lat="23.471733" lon="120.920575"><ele>2864.0</ele><time>2023-09-11T05:34:24Z</time></trkpt><trkpt lat="23.471739" lon="120.920462"><ele>2866.0</ele><time>2023-09-11T05:34:34Z</time></trkpt><trkpt lat="23.471718" lon="120.92043"><ele>2862.0</ele><time>2023-09-11T05:34:40Z</time></trkpt><trkpt lat="23.471654" lon="120.920409"><ele>2862.0</ele><time>2023-09-11T05:34:48Z</time></trkpt><trkpt lat="23.471538" lon="120.920331"><ele>2862.0</ele><time>2023-09-11T05:34:59Z</time></trkpt><trkpt lat="23.47143" lon="120.920279"><ele>2862.0</ele><time>2023-09-11T05:35:09Z</time></trkpt><trkpt lat="23.471393" lon="120.920277"><ele>2863.0</ele><time>2023-09-11T05:35:12Z</time></trkpt><trkpt lat="23.471331" lon="120.920224"><ele>2862.0</ele><time>2023-09-11T05:35:18Z</time></trkpt><trkpt lat="23.471383" lon="120.920095"><ele>2856.0</ele><time>2023-09-11T05:35:32Z</time></trkpt><trkpt lat="23.471473" lon="120.919994"><ele>2856.0</ele><time>2023-09-11T05:35:45Z</time></trkpt><trkpt lat="23.471459" lon="120.919919"><ele>2860.0</ele><time>2023-09-11T05:35:50Z</time></trkpt><trkpt lat="23.471456" lon="120.919824"><ele>2859.0</ele><time>2023-09-11T05:35:59Z</time></trkpt><trkpt lat="23.47147" lon="120.91979"><ele>2860.0</ele><time>2023-09-11T05:36:01Z</time></trkpt><trkpt lat="23.471524" lon="120.919749"><ele>2861.0</ele><time>2023-09-11T05:36:10Z</time></trkpt><trkpt lat="23.471544" lon="120.919679"><ele>2863.0</ele><time>2023-09-11T05:36:21Z</time></trkpt><trkpt lat="23.471619" lon="120.919529"><ele>2870.0</ele><time>2023-09-11T05:36:47Z</time></trkpt><trkpt lat="23.471645" lon="120.919502"><ele>2872.0</ele><time>2023-09-11T05:36:51Z</time></trkpt><trkpt lat="23.471668" lon="120.919435"><ele>2874.0</ele><time>2023-09-11T05:36:57Z</time></trkpt><trkpt lat="23.471703" lon="120.919388"><ele>2874.0</ele><time>2023-09-11T05:37:03Z</time></trkpt><trkpt lat="23.471709" lon="120.919281"><ele>2877.0</ele><time>2023-09-11T05:37:13Z</time></trkpt><trkpt lat="23.471663" lon="120.919141"><ele>2877.0</ele><time>2023-09-11T05:37:23Z</time></trkpt><trkpt lat="23.471667" lon="120.91911"><ele>2875.0</ele><time>2023-09-11T05:37:27Z</time></trkpt><trkpt lat="23.471603" lon="120.918967"><ele>2880.0</ele><time>2023-09-11T05:37:40Z</time></trkpt><trkpt lat="23.471587" lon="120.91889"><ele>2878.0</ele><time>2023-09-11T05:37:46Z</time></trkpt><trkpt lat="23.47149" lon="120.918765"><ele>2876.0</ele><time>2023-09-11T05:38:00Z</time></trkpt><trkpt lat="23.47135" lon="120.918643"><ele>2876.0</ele><time>2023-09-11T05:38:20Z</time></trkpt><trkpt lat="23.471266" lon="120.918623"><ele>2874.0</ele><time>2023-09-11T05:38:29Z</time></trkpt><trkpt lat="23.471236" lon="120.918636"><ele>2874.0</ele><time>2023-09-11T05:38:33Z</time></trkpt><trkpt lat="23.471151" lon="120.918636"><ele>2872.0</ele><time>2023-09-11T05:38:43Z</time></trkpt><trkpt lat="23.471092" lon="120.918684"><ele>2870.0</ele><time>2023-09-11T05:38:51Z</time></trkpt><trkpt lat="23.471006" lon="120.918617"><ele>2866.0</ele><time>2023-09-11T05:39:02Z</time></trkpt><trkpt lat="23.470898" lon="120.918507"><ele>2864.6</ele><time>2023-09-11T05:39:14Z</time></trkpt><trkpt lat="23.470815" lon="120.918469"><ele>2862.0</ele><time>2023-09-11T05:39:21Z</time></trkpt><trkpt lat="23.470718" lon="120.918369"><ele>2862.0</ele><time>2023-09-11T05:39:31Z</time></trkpt><trkpt lat="23.47065" lon="120.918278"><ele>2862.0</ele><time>2023-09-11T05:39:40Z</time></trkpt><trkpt lat="23.470619" lon="120.918214"><ele>2862.0</ele><time>2023-09-11T05:39:45Z</time></trkpt><trkpt lat="23.470623" lon="120.918154"><ele>2862.0</ele><time>2023-09-11T05:39:51Z</time></trkpt><trkpt lat="23.470608" lon="120.918096"><ele>2864.0</ele><time>2023-09-11T05:40:00Z</time></trkpt><trkpt lat="23.470608" lon="120.918007"><ele>2862.0</ele><time>2023-09-11T05:40:09Z</time></trkpt><trkpt lat="23.470596" lon="120.91793"><ele>2863.0</ele><time>2023-09-11T05:40:14Z</time></trkpt><trkpt lat="23.470576" lon="120.917898"><ele>2863.0</ele><time>2023-09-11T05:40:16Z</time></trkpt><trkpt lat="23.470569" lon="120.917864"><ele>2864.0</ele><time>2023-09-11T05:40:18Z</time></trkpt><trkpt lat="23.470568" lon="120.917783"><ele>2862.0</ele><time>2023-09-11T05:40:24Z</time></trkpt><trkpt lat="23.470593" lon="120.917685"><ele>2862.0</ele><time>2023-09-11T05:40:33Z</time></trkpt><trkpt lat="23.470715" lon="120.917513"><ele>2866.0</ele><time>2023-09-11T05:40:50Z</time></trkpt><trkpt lat="23.470756" lon="120.917419"><ele>2868.0</ele><time>2023-09-11T05:40:58Z</time></trkpt><trkpt lat="23.470818" lon="120.917344"><ele>2868.0</ele><time>2023-09-11T05:41:08Z</time></trkpt><trkpt lat="23.47084" lon="120.917269"><ele>2870.0</ele><time>2023-09-11T05:41:14Z</time></trkpt><trkpt lat="23.470831" lon="120.917188"><ele>2872.0</ele><time>2023-09-11T05:41:19Z</time></trkpt><trkpt lat="23.470736" lon="120.916833"><ele>2865.0</ele><time>2023-09-11T05:41:56Z</time></trkpt><trkpt lat="23.470809" lon="120.916561"><ele>2868.0</ele><time>2023-09-11T05:42:28Z</time></trkpt><trkpt lat="23.47085" lon="120.916504"><ele>2868.6</ele><time>2023-09-11T05:42:35Z</time></trkpt><trkpt lat="23.470859" lon="120.91637"><ele>2868.0</ele><time>2023-09-11T05:42:45Z</time></trkpt><trkpt lat="23.470887" lon="120.916305"><ele>2867.0</ele><time>2023-09-11T05:42:51Z</time></trkpt><trkpt lat="23.470947" lon="120.916225"><ele>2864.0</ele><time>2023-09-11T05:43:00Z</time></trkpt><trkpt lat="23.471008" lon="120.916181"><ele>2862.0</ele><time>2023-09-11T05:43:08Z</time></trkpt><trkpt lat="23.47107" lon="120.916155"><ele>2862.0</ele><time>2023-09-11T05:43:15Z</time></trkpt><trkpt lat="23.471172" lon="120.916045"><ele>2865.0</ele><time>2023-09-11T05:43:26Z</time></trkpt><trkpt lat="23.471251" lon="120.915936"><ele>2869.0</ele><time>2023-09-11T05:43:37Z</time></trkpt><trkpt lat="23.471282" lon="120.915769"><ele>2866.0</ele><time>2023-09-11T05:43:53Z</time></trkpt><trkpt lat="23.471309" lon="120.915746"><ele>2868.0</ele><time>2023-09-11T05:43:55Z</time></trkpt><trkpt lat="23.471329" lon="120.915712"><ele>2868.0</ele><time>2023-09-11T05:43:57Z</time></trkpt><trkpt lat="23.471345" lon="120.91565"><ele>2868.0</ele><time>2023-09-11T05:44:03Z</time></trkpt><trkpt lat="23.471331" lon="120.91559"><ele>2871.0</ele><time>2023-09-11T05:44:11Z</time></trkpt><trkpt lat="23.471329" lon="120.915489"><ele>2868.0</ele><time>2023-09-11T05:44:18Z</time></trkpt><trkpt lat="23.471275" lon="120.915371"><ele>2868.0</ele><time>2023-09-11T05:44:29Z</time></trkpt><trkpt lat="23.471229" lon="120.915306"><ele>2865.0</ele><time>2023-09-11T05:44:39Z</time></trkpt><trkpt lat="23.471176" lon="120.91529"><ele>2868.0</ele><time>2023-09-11T05:44:48Z</time></trkpt><trkpt lat="23.471157" lon="120.915254"><ele>2862.0</ele><time>2023-09-11T05:44:53Z</time></trkpt><trkpt lat="23.471164" lon="120.9152"><ele>2863.0</ele><time>2023-09-11T05:44:59Z</time></trkpt><trkpt lat="23.471137" lon="120.915126"><ele>2862.0</ele><time>2023-09-11T05:45:06Z</time></trkpt><trkpt lat="23.471052" lon="120.915049"><ele>2859.0</ele><time>2023-09-11T05:45:16Z</time></trkpt><trkpt lat="23.471004" lon="120.915076"><ele>2862.0</ele><time>2023-09-11T05:45:23Z</time></trkpt><trkpt lat="23.470963" lon="120.915061"><ele>2860.0</ele><time>2023-09-11T05:45:29Z</time></trkpt><trkpt lat="23.470942" lon="120.915023"><ele>2859.0</ele><time>2023-09-11T05:45:33Z</time></trkpt><trkpt lat="23.470919" lon="120.914915"><ele>2856.0</ele><time>2023-09-11T05:45:43Z</time></trkpt><trkpt lat="23.470894" lon="120.914849"><ele>2855.0</ele><time>2023-09-11T05:45:51Z</time></trkpt><trkpt lat="23.4709" lon="120.914795"><ele>2852.0</ele><time>2023-09-11T05:45:59Z</time></trkpt><trkpt lat="23.470857" lon="120.914725"><ele>2854.0</ele><time>2023-09-11T05:46:08Z</time></trkpt><trkpt lat="23.470854" lon="120.914691"><ele>2854.0</ele><time>2023-09-11T05:46:10Z</time></trkpt><trkpt lat="23.470758" lon="120.914651"><ele>2856.0</ele><time>2023-09-11T05:46:22Z</time></trkpt><trkpt lat="23.470694" lon="120.914569"><ele>2853.0</ele><time>2023-09-11T05:46:31Z</time></trkpt><trkpt lat="23.470608" lon="120.914504"><ele>2851.0</ele><time>2023-09-11T05:46:40Z</time></trkpt><trkpt lat="23.47053" lon="120.914401"><ele>2847.0</ele><time>2023-09-11T05:46:52Z</time></trkpt><trkpt lat="23.470486" lon="120.914308"><ele>2844.0</ele><time>2023-09-11T05:47:07Z</time></trkpt><trkpt lat="23.47051" lon="120.914255"><ele>2840.0</ele><time>2023-09-11T05:47:17Z</time></trkpt><trkpt lat="23.47051" lon="120.914202"><ele>2841.0</ele><time>2023-09-11T05:47:23Z</time></trkpt><trkpt lat="23.470465" lon="120.914027"><ele>2840.0</ele><time>2023-09-11T05:47:40Z</time></trkpt><trkpt lat="23.470451" lon="120.91392"><ele>2838.0</ele><time>2023-09-11T05:47:49Z</time></trkpt><trkpt lat="23.470407" lon="120.913868"><ele>2840.0</ele><time>2023-09-11T05:47:57Z</time></trkpt><trkpt lat="23.470424" lon="120.913823"><ele>2832.0</ele><time>2023-09-11T05:48:06Z</time></trkpt><trkpt lat="23.470499" lon="120.913826"><ele>2832.0</ele><time>2023-09-11T05:48:21Z</time></trkpt><trkpt lat="23.470579" lon="120.913805"><ele>2832.0</ele><time>2023-09-11T05:48:34Z</time></trkpt><trkpt lat="23.470685" lon="120.913794"><ele>2832.0</ele><time>2023-09-11T05:48:44Z</time></trkpt><trkpt lat="23.470714" lon="120.91376"><ele>2835.0</ele><time>2023-09-11T05:48:50Z</time></trkpt><trkpt lat="23.470732" lon="120.913686"><ele>2836.0</ele><time>2023-09-11T05:48:56Z</time></trkpt><trkpt lat="23.470769" lon="120.913621"><ele>2835.0</ele><time>2023-09-11T05:49:01Z</time></trkpt><trkpt lat="23.470813" lon="120.913478"><ele>2837.0</ele><time>2023-09-11T05:49:11Z</time></trkpt><trkpt lat="23.470803" lon="120.913439"><ele>2838.0</ele><time>2023-09-11T05:49:14Z</time></trkpt><trkpt lat="23.470807" lon="120.91334"><ele>2837.0</ele><time>2023-09-11T05:49:24Z</time></trkpt><trkpt lat="23.470842" lon="120.913241"><ele>2834.0</ele><time>2023-09-11T05:49:32Z</time></trkpt><trkpt lat="23.470826" lon="120.913161"><ele>2831.0</ele><time>2023-09-11T05:49:39Z</time></trkpt><trkpt lat="23.470827" lon="120.913038"><ele>2827.0</ele><time>2023-09-11T05:49:52Z</time></trkpt><trkpt lat="23.470859" lon="120.91301"><ele>2829.0</ele><time>2023-09-11T05:49:58Z</time></trkpt><trkpt lat="23.470887" lon="120.913009"><ele>2828.0</ele><time>2023-09-11T05:50:00Z</time></trkpt><trkpt lat="23.47094" lon="120.912978"><ele>2827.0</ele><time>2023-09-11T05:50:10Z</time></trkpt><trkpt lat="23.471058" lon="120.912835"><ele>2829.0</ele><time>2023-09-11T05:50:27Z</time></trkpt><trkpt lat="23.471081" lon="120.912762"><ele>2829.0</ele><time>2023-09-11T05:50:33Z</time></trkpt><trkpt lat="23.47109" lon="120.912694"><ele>2830.0</ele><time>2023-09-11T05:50:39Z</time></trkpt><trkpt lat="23.471072" lon="120.912573"><ele>2828.0</ele><time>2023-09-11T05:50:50Z</time></trkpt><trkpt lat="23.471081" lon="120.912523"><ele>2828.7</ele><time>2023-09-11T05:50:54Z</time></trkpt><trkpt lat="23.471134" lon="120.912463"><ele>2826.0</ele><time>2023-09-11T05:51:03Z</time></trkpt><trkpt lat="23.471155" lon="120.912421"><ele>2824.0</ele><time>2023-09-11T05:51:08Z</time></trkpt><trkpt lat="23.471187" lon="120.91232"><ele>2824.0</ele><time>2023-09-11T05:51:23Z</time></trkpt><trkpt lat="23.47121" lon="120.912186"><ele>2823.0</ele><time>2023-09-11T05:51:33Z</time></trkpt><trkpt lat="23.47118" lon="120.912092"><ele>2821.0</ele><time>2023-09-11T05:51:40Z</time></trkpt><trkpt lat="23.471156" lon="120.912064"><ele>2820.0</ele><time>2023-09-11T05:51:44Z</time></trkpt><trkpt lat="23.47106" lon="120.911998"><ele>2817.0</ele><time>2023-09-11T05:51:54Z</time></trkpt><trkpt lat="23.471045" lon="120.911967"><ele>2815.0</ele><time>2023-09-11T05:51:58Z</time></trkpt><trkpt lat="23.471078" lon="120.911802"><ele>2813.0</ele><time>2023-09-11T05:52:20Z</time></trkpt><trkpt lat="23.471105" lon="120.911774"><ele>2812.0</ele><time>2023-09-11T05:52:23Z</time></trkpt><trkpt lat="23.471154" lon="120.91166"><ele>2814.0</ele><time>2023-09-11T05:52:30Z</time></trkpt><trkpt lat="23.471181" lon="120.911625"><ele>2815.0</ele><time>2023-09-11T05:52:34Z</time></trkpt><trkpt lat="23.471267" lon="120.911623"><ele>2815.0</ele><time>2023-09-11T05:52:42Z</time></trkpt><trkpt lat="23.471294" lon="120.911593"><ele>2814.0</ele><time>2023-09-11T05:52:47Z</time></trkpt><trkpt lat="23.471303" lon="120.911558"><ele>2816.0</ele><time>2023-09-11T05:52:51Z</time></trkpt><trkpt lat="23.471327" lon="120.911538"><ele>2816.0</ele><time>2023-09-11T05:52:57Z</time></trkpt><trkpt lat="23.471362" lon="120.911456"><ele>2814.0</ele><time>2023-09-11T05:53:07Z</time></trkpt><trkpt lat="23.471347" lon="120.911349"><ele>2814.0</ele><time>2023-09-11T05:53:14Z</time></trkpt><trkpt lat="23.471383" lon="120.911304"><ele>2812.0</ele><time>2023-09-11T05:53:20Z</time></trkpt><trkpt lat="23.471406" lon="120.911257"><ele>2812.9</ele><time>2023-09-11T05:53:23Z</time></trkpt><trkpt lat="23.471423" lon="120.911087"><ele>2813.0</ele><time>2023-09-11T05:53:33Z</time></trkpt><trkpt lat="23.471461" lon="120.910932"><ele>2811.0</ele><time>2023-09-11T05:53:43Z</time></trkpt><trkpt lat="23.47155" lon="120.91083"><ele>2807.0</ele><time>2023-09-11T05:53:53Z</time></trkpt><trkpt lat="23.47162" lon="120.910771"><ele>2807.0</ele><time>2023-09-11T05:54:02Z</time></trkpt><trkpt lat="23.47163" lon="120.910734"><ele>2806.0</ele><time>2023-09-11T05:54:04Z</time></trkpt><trkpt lat="23.471687" lon="120.910687"><ele>2807.0</ele><time>2023-09-11T05:54:10Z</time></trkpt><trkpt lat="23.471726" lon="120.910669"><ele>2808.9</ele><time>2023-09-11T05:54:14Z</time></trkpt><trkpt lat="23.471787" lon="120.910588"><ele>2808.0</ele><time>2023-09-11T05:54:20Z</time></trkpt><trkpt lat="23.471853" lon="120.910557"><ele>2805.0</ele><time>2023-09-11T05:54:28Z</time></trkpt><trkpt lat="23.47193" lon="120.910541"><ele>2800.0</ele><time>2023-09-11T05:54:37Z</time></trkpt><trkpt lat="23.471955" lon="120.910513"><ele>2804.0</ele><time>2023-09-11T05:54:41Z</time></trkpt><trkpt lat="23.471962" lon="120.910475"><ele>2804.0</ele><time>2023-09-11T05:54:44Z</time></trkpt><trkpt lat="23.471999" lon="120.910478"><ele>2801.0</ele><time>2023-09-11T05:54:48Z</time></trkpt><trkpt lat="23.472081" lon="120.910512"><ele>2799.0</ele><time>2023-09-11T05:54:55Z</time></trkpt><trkpt lat="23.472256" lon="120.910506"><ele>2797.0</ele><time>2023-09-11T05:55:12Z</time></trkpt><trkpt lat="23.472357" lon="120.910474"><ele>2795.0</ele><time>2023-09-11T05:55:24Z</time></trkpt><trkpt lat="23.472385" lon="120.910448"><ele>2796.0</ele><time>2023-09-11T05:55:28Z</time></trkpt><trkpt lat="23.472468" lon="120.910145"><ele>2800.0</ele><time>2023-09-11T05:55:50Z</time></trkpt><trkpt lat="23.472502" lon="120.91006"><ele>2799.0</ele><time>2023-09-11T05:55:58Z</time></trkpt><trkpt lat="23.472503" lon="120.910026"><ele>2798.0</ele><time>2023-09-11T05:56:00Z</time></trkpt><trkpt lat="23.472561" lon="120.909985"><ele>2796.0</ele><time>2023-09-11T05:56:06Z</time></trkpt><trkpt lat="23.472552" lon="120.909949"><ele>2796.0</ele><time>2023-09-11T05:56:09Z</time></trkpt><trkpt lat="23.472573" lon="120.90991"><ele>2796.0</ele><time>2023-09-11T05:56:13Z</time></trkpt><trkpt lat="23.472591" lon="120.909847"><ele>2798.0</ele><time>2023-09-11T05:56:16Z</time></trkpt><trkpt lat="23.472681" lon="120.909749"><ele>2796.0</ele><time>2023-09-11T05:56:25Z</time></trkpt><trkpt lat="23.472707" lon="120.909661"><ele>2796.0</ele><time>2023-09-11T05:56:32Z</time></trkpt><trkpt lat="23.472741" lon="120.909597"><ele>2797.5</ele><time>2023-09-11T05:56:40Z</time></trkpt><trkpt lat="23.472735" lon="120.909577"><ele>2797.0</ele><time>2023-09-11T05:56:41Z</time></trkpt><trkpt lat="23.472752" lon="120.909486"><ele>2796.0</ele><time>2023-09-11T05:56:49Z</time></trkpt><trkpt lat="23.472752" lon="120.909389"><ele>2796.0</ele><time>2023-09-11T05:56:56Z</time></trkpt><trkpt lat="23.47287" lon="120.909365"><ele>2796.0</ele><time>2023-09-11T05:57:03Z</time></trkpt><trkpt lat="23.472887" lon="120.909339"><ele>2794.0</ele><time>2023-09-11T05:57:06Z</time></trkpt><trkpt lat="23.472845" lon="120.909143"><ele>2799.0</ele><time>2023-09-11T05:57:16Z</time></trkpt><trkpt lat="23.472848" lon="120.909109"><ele>2798.0</ele><time>2023-09-11T05:57:19Z</time></trkpt><trkpt lat="23.472878" lon="120.909083"><ele>2797.0</ele><time>2023-09-11T05:57:22Z</time></trkpt><trkpt lat="23.472944" lon="120.908988"><ele>2800.0</ele><time>2023-09-11T05:57:31Z</time></trkpt><trkpt lat="23.472952" lon="120.908952"><ele>2802.0</ele><time>2023-09-11T05:57:34Z</time></trkpt><trkpt lat="23.473011" lon="120.908827"><ele>2804.0</ele><time>2023-09-11T05:57:50Z</time></trkpt><trkpt lat="23.47301" lon="120.908774"><ele>2804.0</ele><time>2023-09-11T05:57:54Z</time></trkpt><trkpt lat="23.473031" lon="120.90875"><ele>2805.0</ele><time>2023-09-11T05:57:56Z</time></trkpt><trkpt lat="23.473068" lon="120.908743"><ele>2805.0</ele><time>2023-09-11T05:57:59Z</time></trkpt><trkpt lat="23.473095" lon="120.908685"><ele>2804.0</ele><time>2023-09-11T05:58:04Z</time></trkpt><trkpt lat="23.473099" lon="120.908644"><ele>2807.0</ele><time>2023-09-11T05:58:07Z</time></trkpt><trkpt lat="23.47313" lon="120.908591"><ele>2806.0</ele><time>2023-09-11T05:58:11Z</time></trkpt><trkpt lat="23.473138" lon="120.908527"><ele>2806.0</ele><time>2023-09-11T05:58:16Z</time></trkpt><trkpt lat="23.473158" lon="120.908512"><ele>2810.0</ele><time>2023-09-11T05:58:21Z</time></trkpt><trkpt lat="23.473168" lon="120.908476"><ele>2809.0</ele><time>2023-09-11T05:58:23Z</time></trkpt><trkpt lat="23.473229" lon="120.908386"><ele>2811.0</ele><time>2023-09-11T05:58:35Z</time></trkpt><trkpt lat="23.473209" lon="120.908257"><ele>2813.0</ele><time>2023-09-11T05:58:48Z</time></trkpt><trkpt lat="23.473214" lon="120.908227"><ele>2813.0</ele><time>2023-09-11T05:58:51Z</time></trkpt><trkpt lat="23.473263" lon="120.908202"><ele>2814.0</ele><time>2023-09-11T05:59:01Z</time></trkpt><trkpt lat="23.473248" lon="120.908118"><ele>2814.0</ele><time>2023-09-11T05:59:13Z</time></trkpt><trkpt lat="23.47326" lon="120.908091"><ele>2814.0</ele><time>2023-09-11T05:59:18Z</time></trkpt><trkpt lat="23.473255" lon="120.908015"><ele>2815.0</ele><time>2023-09-11T05:59:25Z</time></trkpt><trkpt lat="23.473216" lon="120.907967"><ele>2815.0</ele><time>2023-09-11T05:59:30Z</time></trkpt><trkpt lat="23.473263" lon="120.907959"><ele>2811.0</ele><time>2023-09-11T05:59:38Z</time></trkpt><trkpt lat="23.473291" lon="120.907941"><ele>2812.0</ele><time>2023-09-11T05:59:40Z</time></trkpt><trkpt lat="23.473306" lon="120.907909"><ele>2807.0</ele><time>2023-09-11T05:59:45Z</time></trkpt><trkpt lat="23.473334" lon="120.90788"><ele>2807.0</ele><time>2023-09-11T05:59:52Z</time></trkpt><trkpt lat="23.473365" lon="120.907864"><ele>2808.9</ele><time>2023-09-11T06:00:00Z</time></trkpt><trkpt lat="23.473351" lon="120.907845"><ele>2808.0</ele><time>2023-09-11T06:00:02Z</time></trkpt><trkpt lat="23.473404" lon="120.907829"><ele>2808.0</ele><time>2023-09-11T06:00:06Z</time></trkpt><trkpt lat="23.473458" lon="120.907781"><ele>2809.0</ele><time>2023-09-11T06:00:11Z</time></trkpt><trkpt lat="23.473518" lon="120.907785"><ele>2809.3</ele><time>2023-09-11T06:00:13Z</time></trkpt><trkpt lat="23.473505" lon="120.9077"><ele>2810.0</ele><time>2023-09-11T06:00:16Z</time></trkpt><trkpt lat="23.473471" lon="120.907645"><ele>2808.0</ele><time>2023-09-11T06:00:19Z</time></trkpt><trkpt lat="23.473388" lon="120.907598"><ele>2806.0</ele><time>2023-09-11T06:00:32Z</time></trkpt><trkpt lat="23.473367" lon="120.907565"><ele>2800.0</ele><time>2023-09-11T06:00:39Z</time></trkpt><trkpt lat="23.473333" lon="120.907569"><ele>2801.0</ele><time>2023-09-11T06:00:46Z</time></trkpt><trkpt lat="23.473352" lon="120.907543"><ele>2798.0</ele><time>2023-09-11T06:00:54Z</time></trkpt><trkpt lat="23.473316" lon="120.907517"><ele>2788.0</ele><time>2023-09-11T06:01:12Z</time></trkpt><trkpt lat="23.473231" lon="120.90738"><ele>2787.3</ele><time>2023-09-11T06:01:44Z</time></trkpt><trkpt lat="23.473223" lon="120.907349"><ele>2785.0</ele><time>2023-09-11T06:01:47Z</time></trkpt><trkpt lat="23.473246" lon="120.907289"><ele>2784.0</ele><time>2023-09-11T06:01:53Z</time></trkpt><trkpt lat="23.473268" lon="120.907258"><ele>2782.0</ele><time>2023-09-11T06:01:56Z</time></trkpt><trkpt lat="23.473374" lon="120.907185"><ele>2779.0</ele><time>2023-09-11T06:02:08Z</time></trkpt><trkpt lat="23.473475" lon="120.907153"><ele>2779.0</ele><time>2023-09-11T06:02:23Z</time></trkpt><trkpt lat="23.473494" lon="120.907114"><ele>2784.0</ele><time>2023-09-11T06:02:30Z</time></trkpt><trkpt lat="23.473513" lon="120.907139"><ele>2784.0</ele><time>2023-09-11T06:03:21Z</time></trkpt><trkpt lat="23.473573" lon="120.907034"><ele>2781.0</ele><time>2023-09-11T06:03:37Z</time></trkpt><trkpt lat="23.473593" lon="120.906957"><ele>2782.0</ele><time>2023-09-11T06:03:42Z</time></trkpt><trkpt lat="23.473653" lon="120.906882"><ele>2781.0</ele><time>2023-09-11T06:03:51Z</time></trkpt><trkpt lat="23.473729" lon="120.90676"><ele>2780.0</ele><time>2023-09-11T06:04:01Z</time></trkpt><trkpt lat="23.473754" lon="120.906662"><ele>2776.0</ele><time>2023-09-11T06:04:10Z</time></trkpt><trkpt lat="23.473759" lon="120.90658"><ele>2775.0</ele><time>2023-09-11T06:04:17Z</time></trkpt><trkpt lat="23.473788" lon="120.906535"><ele>2770.0</ele><time>2023-09-11T06:04:25Z</time></trkpt><trkpt lat="23.473829" lon="120.9065"><ele>2770.0</ele><time>2023-09-11T06:04:34Z</time></trkpt><trkpt lat="23.47383" lon="120.906418"><ele>2769.0</ele><time>2023-09-11T06:04:39Z</time></trkpt><trkpt lat="23.473875" lon="120.906351"><ele>2770.0</ele><time>2023-09-11T06:04:44Z</time></trkpt><trkpt lat="23.47391" lon="120.906336"><ele>2769.0</ele><time>2023-09-11T06:04:47Z</time></trkpt><trkpt lat="23.473907" lon="120.906304"><ele>2770.0</ele><time>2023-09-11T06:04:49Z</time></trkpt><trkpt lat="23.473928" lon="120.906238"><ele>2768.0</ele><time>2023-09-11T06:04:54Z</time></trkpt><trkpt lat="23.473997" lon="120.906165"><ele>2764.0</ele><time>2023-09-11T06:05:06Z</time></trkpt><trkpt lat="23.474027" lon="120.906159"><ele>2758.0</ele><time>2023-09-11T06:05:11Z</time></trkpt><trkpt lat="23.474047" lon="120.906134"><ele>2754.0</ele><time>2023-09-11T06:05:18Z</time></trkpt><trkpt lat="23.474056" lon="120.906095"><ele>2754.0</ele><time>2023-09-11T06:05:23Z</time></trkpt><trkpt lat="23.474102" lon="120.90604"><ele>2753.0</ele><time>2023-09-11T06:05:31Z</time></trkpt><trkpt lat="23.474106" lon="120.905999"><ele>2748.0</ele><time>2023-09-11T06:05:35Z</time></trkpt><trkpt lat="23.474171" lon="120.905998"><ele>2750.0</ele><time>2023-09-11T06:05:45Z</time></trkpt><trkpt lat="23.474214" lon="120.905968"><ele>2750.0</ele><time>2023-09-11T06:05:50Z</time></trkpt><trkpt lat="23.474257" lon="120.905959"><ele>2745.0</ele><time>2023-09-11T06:05:58Z</time></trkpt><trkpt lat="23.474283" lon="120.905932"><ele>2746.0</ele><time>2023-09-11T06:06:02Z</time></trkpt><trkpt lat="23.474324" lon="120.905814"><ele>2748.0</ele><time>2023-09-11T06:06:09Z</time></trkpt><trkpt lat="23.474353" lon="120.905792"><ele>2748.0</ele><time>2023-09-11T06:06:12Z</time></trkpt><trkpt lat="23.474396" lon="120.90572"><ele>2748.0</ele><time>2023-09-11T06:06:18Z</time></trkpt><trkpt lat="23.474427" lon="120.90573"><ele>2744.0</ele><time>2023-09-11T06:06:23Z</time></trkpt><trkpt lat="23.474422" lon="120.905678"><ele>2744.0</ele><time>2023-09-11T06:06:38Z</time></trkpt><trkpt lat="23.47438" lon="120.905691"><ele>2746.1</ele><time>2023-09-11T06:06:44Z</time></trkpt><trkpt lat="23.474366" lon="120.90571"><ele>2743.0</ele><time>2023-09-11T06:06:46Z</time></trkpt><trkpt lat="23.474285" lon="120.905729"><ele>2737.0</ele><time>2023-09-11T06:06:58Z</time></trkpt><trkpt lat="23.474124" lon="120.905729"><ele>2736.0</ele><time>2023-09-11T06:07:16Z</time></trkpt><trkpt lat="23.474063" lon="120.905776"><ele>2734.0</ele><time>2023-09-11T06:07:23Z</time></trkpt><trkpt lat="23.474027" lon="120.905833"><ele>2731.0</ele><time>2023-09-11T06:07:30Z</time></trkpt><trkpt lat="23.473937" lon="120.905862"><ele>2728.0</ele><time>2023-09-11T06:07:40Z</time></trkpt><trkpt lat="23.473889" lon="120.905912"><ele>2725.0</ele><time>2023-09-11T06:07:46Z</time></trkpt><trkpt lat="23.47378" lon="120.90597"><ele>2726.0</ele><time>2023-09-11T06:07:56Z</time></trkpt><trkpt lat="23.473761" lon="120.906007"><ele>2724.0</ele><time>2023-09-11T06:08:00Z</time></trkpt><trkpt lat="23.473727" lon="120.906018"><ele>2724.0</ele><time>2023-09-11T06:08:05Z</time></trkpt><trkpt lat="23.473699" lon="120.905995"><ele>2722.0</ele><time>2023-09-11T06:08:11Z</time></trkpt><trkpt lat="23.473705" lon="120.905902"><ele>2724.0</ele><time>2023-09-11T06:08:20Z</time></trkpt><trkpt lat="23.473724" lon="120.905916"><ele>2719.0</ele><time>2023-09-11T06:08:27Z</time></trkpt><trkpt lat="23.473729" lon="120.905883"><ele>2719.0</ele><time>2023-09-11T06:08:31Z</time></trkpt><trkpt lat="23.473791" lon="120.905794"><ele>2718.0</ele><time>2023-09-11T06:08:41Z</time></trkpt><trkpt lat="23.473836" lon="120.905646"><ele>2712.0</ele><time>2023-09-11T06:08:55Z</time></trkpt><trkpt lat="23.473904" lon="120.905533"><ele>2708.0</ele><time>2023-09-11T06:09:11Z</time></trkpt><trkpt lat="23.473991" lon="120.905496"><ele>2703.0</ele><time>2023-09-11T06:09:25Z</time></trkpt><trkpt lat="23.474036" lon="120.905492"><ele>2703.0</ele><time>2023-09-11T06:09:30Z</time></trkpt><trkpt lat="23.474066" lon="120.905433"><ele>2700.0</ele><time>2023-09-11T06:09:40Z</time></trkpt><trkpt lat="23.47401" lon="120.905446"><ele>2703.0</ele><time>2023-09-11T06:09:52Z</time></trkpt><trkpt lat="23.473955" lon="120.905399"><ele>2703.0</ele><time>2023-09-11T06:09:58Z</time></trkpt><trkpt lat="23.473855" lon="120.905402"><ele>2699.0</ele><time>2023-09-11T06:10:09Z</time></trkpt><trkpt lat="23.473817" lon="120.905412"><ele>2695.0</ele><time>2023-09-11T06:10:15Z</time></trkpt><trkpt lat="23.473757" lon="120.905447"><ele>2691.0</ele><time>2023-09-11T06:10:25Z</time></trkpt><trkpt lat="23.473724" lon="120.905485"><ele>2689.0</ele><time>2023-09-11T06:10:31Z</time></trkpt><trkpt lat="23.473679" lon="120.905545"><ele>2688.0</ele><time>2023-09-11T06:10:42Z</time></trkpt><trkpt lat="23.473665" lon="120.905595"><ele>2688.0</ele><time>2023-09-11T06:10:51Z</time></trkpt><trkpt lat="23.473617" lon="120.905582"><ele>2688.0</ele><time>2023-09-11T06:10:55Z</time></trkpt><trkpt lat="23.47354" lon="120.905577"><ele>2684.0</ele><time>2023-09-11T06:11:05Z</time></trkpt><trkpt lat="23.473517" lon="120.905505"><ele>2682.0</ele><time>2023-09-11T06:11:25Z</time></trkpt><trkpt lat="23.473441" lon="120.905531"><ele>2678.0</ele><time>2023-09-11T06:11:40Z</time></trkpt><trkpt lat="23.473416" lon="120.9055"><ele>2678.9</ele><time>2023-09-11T06:11:44Z</time></trkpt><trkpt lat="23.473422" lon="120.905447"><ele>2677.0</ele><time>2023-09-11T06:11:50Z</time></trkpt><trkpt lat="23.473457" lon="120.905395"><ele>2676.0</ele><time>2023-09-11T06:11:56Z</time></trkpt><trkpt lat="23.473495" lon="120.905408"><ele>2670.0</ele><time>2023-09-11T06:12:00Z</time></trkpt><trkpt lat="23.473548" lon="120.905371"><ele>2670.0</ele><time>2023-09-11T06:12:09Z</time></trkpt><trkpt lat="23.473643" lon="120.905256"><ele>2667.0</ele><time>2023-09-11T06:12:22Z</time></trkpt><trkpt lat="23.473671" lon="120.905141"><ele>2668.0</ele><time>2023-09-11T06:12:31Z</time></trkpt><trkpt lat="23.473711" lon="120.905117"><ele>2668.7</ele><time>2023-09-11T06:12:35Z</time></trkpt><trkpt lat="23.473727" lon="120.905089"><ele>2667.0</ele><time>2023-09-11T06:12:38Z</time></trkpt><trkpt lat="23.473789" lon="120.905048"><ele>2667.0</ele><time>2023-09-11T06:12:44Z</time></trkpt><trkpt lat="23.473885" lon="120.905042"><ele>2664.0</ele><time>2023-09-11T06:12:56Z</time></trkpt><trkpt lat="23.473934" lon="120.904985"><ele>2665.0</ele><time>2023-09-11T06:13:05Z</time></trkpt><trkpt lat="23.473973" lon="120.904915"><ele>2665.0</ele><time>2023-09-11T06:13:13Z</time></trkpt><trkpt lat="23.474003" lon="120.90491"><ele>2665.0</ele><time>2023-09-11T06:13:17Z</time></trkpt><trkpt lat="23.474022" lon="120.904885"><ele>2664.0</ele><time>2023-09-11T06:13:21Z</time></trkpt><trkpt lat="23.474109" lon="120.90482"><ele>2666.0</ele><time>2023-09-11T06:13:30Z</time></trkpt><trkpt lat="23.47414" lon="120.904758"><ele>2667.0</ele><time>2023-09-11T06:13:36Z</time></trkpt><trkpt lat="23.474171" lon="120.904726"><ele>2667.0</ele><time>2023-09-11T06:13:39Z</time></trkpt><trkpt lat="23.474186" lon="120.904686"><ele>2665.0</ele><time>2023-09-11T06:13:42Z</time></trkpt><trkpt lat="23.47419" lon="120.904609"><ele>2668.0</ele><time>2023-09-11T06:13:47Z</time></trkpt><trkpt lat="23.474206" lon="120.904579"><ele>2667.0</ele><time>2023-09-11T06:13:50Z</time></trkpt><trkpt lat="23.474248" lon="120.90452"><ele>2663.0</ele><time>2023-09-11T06:13:55Z</time></trkpt><trkpt lat="23.474322" lon="120.904451"><ele>2661.0</ele><time>2023-09-11T06:14:03Z</time></trkpt><trkpt lat="23.474388" lon="120.904311"><ele>2660.0</ele><time>2023-09-11T06:14:15Z</time></trkpt><trkpt lat="23.474443" lon="120.904273"><ele>2658.0</ele><time>2023-09-11T06:14:21Z</time></trkpt><trkpt lat="23.474473" lon="120.904236"><ele>2659.0</ele><time>2023-09-11T06:14:25Z</time></trkpt><trkpt lat="23.474538" lon="120.904214"><ele>2658.0</ele><time>2023-09-11T06:14:31Z</time></trkpt><trkpt lat="23.474616" lon="120.904148"><ele>2655.0</ele><time>2023-09-11T06:14:39Z</time></trkpt><trkpt lat="23.474675" lon="120.904067"><ele>2654.0</ele><time>2023-09-11T06:14:48Z</time></trkpt><trkpt lat="23.474707" lon="120.90405"><ele>2652.0</ele><time>2023-09-11T06:14:51Z</time></trkpt><trkpt lat="23.47477" lon="120.903975"><ele>2655.8</ele><time>2023-09-11T06:15:00Z</time></trkpt><trkpt lat="23.474798" lon="120.903912"><ele>2655.0</ele><time>2023-09-11T06:15:05Z</time></trkpt><trkpt lat="23.474878" lon="120.903853"><ele>2652.0</ele><time>2023-09-11T06:15:13Z</time></trkpt><trkpt lat="23.474903" lon="120.903791"><ele>2652.0</ele><time>2023-09-11T06:15:18Z</time></trkpt><trkpt lat="23.475" lon="120.903725"><ele>2650.0</ele><time>2023-09-11T06:15:28Z</time></trkpt><trkpt lat="23.475035" lon="120.903713"><ele>2649.0</ele><time>2023-09-11T06:15:31Z</time></trkpt><trkpt lat="23.475212" lon="120.903536"><ele>2649.0</ele><time>2023-09-11T06:15:55Z</time></trkpt><trkpt lat="23.475244" lon="120.903533"><ele>2649.0</ele><time>2023-09-11T06:15:58Z</time></trkpt><trkpt lat="23.475293" lon="120.903477"><ele>2649.0</ele><time>2023-09-11T06:16:03Z</time></trkpt><trkpt lat="23.475331" lon="120.903465"><ele>2651.0</ele><time>2023-09-11T06:16:06Z</time></trkpt><trkpt lat="23.475405" lon="120.9034"><ele>2652.0</ele><time>2023-09-11T06:16:15Z</time></trkpt><trkpt lat="23.475419" lon="120.903249"><ele>2655.0</ele><time>2023-09-11T06:16:25Z</time></trkpt><trkpt lat="23.475558" lon="120.903171"><ele>2651.0</ele><time>2023-09-11T06:16:40Z</time></trkpt><trkpt lat="23.475584" lon="120.903144"><ele>2651.6</ele><time>2023-09-11T06:16:44Z</time></trkpt><trkpt lat="23.475624" lon="120.902986"><ele>2652.0</ele><time>2023-09-11T06:16:57Z</time></trkpt><trkpt lat="23.475647" lon="120.902959"><ele>2646.0</ele><time>2023-09-11T06:17:02Z</time></trkpt><trkpt lat="23.475657" lon="120.902923"><ele>2649.0</ele><time>2023-09-11T06:17:07Z</time></trkpt><trkpt lat="23.475647" lon="120.902856"><ele>2650.0</ele><time>2023-09-11T06:17:11Z</time></trkpt><trkpt lat="23.475701" lon="120.902835"><ele>2648.0</ele><time>2023-09-11T06:17:17Z</time></trkpt><trkpt lat="23.475732" lon="120.902769"><ele>2646.0</ele><time>2023-09-11T06:17:21Z</time></trkpt><trkpt lat="23.475743" lon="120.902659"><ele>2645.0</ele><time>2023-09-11T06:17:31Z</time></trkpt><trkpt lat="23.475771" lon="120.902624"><ele>2643.0</ele><time>2023-09-11T06:17:35Z</time></trkpt><trkpt lat="23.475748" lon="120.902651"><ele>2641.4</ele><time>2023-09-11T06:17:38Z</time></trkpt><trkpt lat="23.475743" lon="120.902691"><ele>2640.0</ele><time>2023-09-11T06:17:40Z</time></trkpt><trkpt lat="23.475779" lon="120.902667"><ele>2638.0</ele><time>2023-09-11T06:17:43Z</time></trkpt><trkpt lat="23.475832" lon="120.90257"><ele>2637.0</ele><time>2023-09-11T06:17:51Z</time></trkpt><trkpt lat="23.475839" lon="120.902521"><ele>2638.0</ele><time>2023-09-11T06:17:53Z</time></trkpt><trkpt lat="23.475877" lon="120.902421"><ele>2637.0</ele><time>2023-09-11T06:18:00Z</time></trkpt><trkpt lat="23.475884" lon="120.902347"><ele>2636.0</ele><time>2023-09-11T06:18:04Z</time></trkpt><trkpt lat="23.475838" lon="120.902295"><ele>2636.0</ele><time>2023-09-11T06:18:08Z</time></trkpt><trkpt lat="23.475844" lon="120.902208"><ele>2634.0</ele><time>2023-09-11T06:18:18Z</time></trkpt><trkpt lat="23.47591" lon="120.902114"><ele>2634.0</ele><time>2023-09-11T06:18:27Z</time></trkpt><trkpt lat="23.475888" lon="120.902004"><ele>2634.0</ele><time>2023-09-11T06:18:32Z</time></trkpt><trkpt lat="23.475901" lon="120.901889"><ele>2634.0</ele><time>2023-09-11T06:18:42Z</time></trkpt><trkpt lat="23.475927" lon="120.901829"><ele>2633.0</ele><time>2023-09-11T06:18:48Z</time></trkpt><trkpt lat="23.475989" lon="120.9018"><ele>2630.0</ele><time>2023-09-11T06:18:54Z</time></trkpt><trkpt lat="23.476014" lon="120.901775"><ele>2631.0</ele><time>2023-09-11T06:18:57Z</time></trkpt><trkpt lat="23.476036" lon="120.901682"><ele>2633.0</ele><time>2023-09-11T06:19:06Z</time></trkpt><trkpt lat="23.476026" lon="120.901603"><ele>2634.0</ele><time>2023-09-11T06:19:10Z</time></trkpt><trkpt lat="23.476035" lon="120.901482"><ele>2630.0</ele><time>2023-09-11T06:19:20Z</time></trkpt><trkpt lat="23.476009" lon="120.901393"><ele>2629.0</ele><time>2023-09-11T06:19:27Z</time></trkpt><trkpt lat="23.475999" lon="120.901304"><ele>2626.0</ele><time>2023-09-11T06:19:34Z</time></trkpt><trkpt lat="23.47606" lon="120.901064"><ele>2619.0</ele><time>2023-09-11T06:20:00Z</time></trkpt><trkpt lat="23.476083" lon="120.901021"><ele>2619.5</ele><time>2023-09-11T06:20:05Z</time></trkpt><trkpt lat="23.476043" lon="120.900914"><ele>2619.0</ele><time>2023-09-11T06:20:12Z</time></trkpt><trkpt lat="23.476053" lon="120.900876"><ele>2615.0</ele><time>2023-09-11T06:20:16Z</time></trkpt><trkpt lat="23.47598" lon="120.900727"><ele>2612.0</ele><time>2023-09-11T06:20:26Z</time></trkpt><trkpt lat="23.475959" lon="120.900662"><ele>2611.0</ele><time>2023-09-11T06:20:32Z</time></trkpt><trkpt lat="23.475952" lon="120.900626"><ele>2612.0</ele><time>2023-09-11T06:20:35Z</time></trkpt><trkpt lat="23.475962" lon="120.900518"><ele>2610.0</ele><time>2023-09-11T06:20:44Z</time></trkpt><trkpt lat="23.475919" lon="120.900407"><ele>2611.0</ele><time>2023-09-11T06:20:50Z</time></trkpt><trkpt lat="23.475925" lon="120.900319"><ele>2607.0</ele><time>2023-09-11T06:21:01Z</time></trkpt><trkpt lat="23.475873" lon="120.900263"><ele>2610.0</ele><time>2023-09-11T06:21:05Z</time></trkpt><trkpt lat="23.475862" lon="120.900189"><ele>2610.0</ele><time>2023-09-11T06:21:11Z</time></trkpt><trkpt lat="23.475762" lon="120.899972"><ele>2617.5</ele><time>2023-09-11T06:21:33Z</time></trkpt></trkseg></trk></gpx>